dta,provincia,canton,distrito,ids,version
11803,San José,Curridabat,Sánchez,100,2013
10203,San José,Escazú,San Rafael,99.5,2013
10108,San José,San José,Mata Redonda,92.2,2013
10901,San José,Santa Ana,Santa Ana,91.9,2013
10903,San José,Santa Ana,Pozos,91.9,2013
40802,Heredia,Flores,Barrantes,91.9,2013
10201,San José,Escazú,Escazú,90.5,2013
11502,San José,Montes de Oca,Sabanilla,90.2,2013
20707,Alajuela,Palmares,Granja,88.5,2013
40901,Heredia,San Pablo,San Pablo,88.3,2013
11401,San José,Moravia,San Vicente,88.2,2013
20501,Alajuela,Atenas,Atenas,88.2,2013
40902,Heredia,San Pablo,Rincón de Sabanilla,87.5,2013
11303,San José,Tibás,Anselmo Llorente,87.4,2013
20701,Alajuela,Palmares,Palmares,87.2,2013
40302,Heredia,Santo Domingo,San Vicente,87,2013
11501,San José,Montes de Oca,San Pedro,86.9,2013
40703,Heredia,Belén,Asunción,85.9,2013
10101,San José,San José,Carmen,85.6,2013
11801,San José,Curridabat,Curridabat,85.6,2013
10106,San José,San José,San Francisco de Dos Ríos,85.5,2013
10105,San José,San José,Zapote,83.4,2013
11101,San José,Vázquez de Coronado,San Isidro,83.4,2013
11301,San José,Tibás,San Juan,83.3,2013
11504,San José,Montes de Oca,San Rafael,83.2,2013
40701,Heredia,Belén,San Antonio,82.6,2013
10305,San José,Desamparados,San Antonio,82.2,2013
10905,San José,Santa Ana,Piedades,82.1,2013
11104,San José,Vázquez de Coronado,Patalillo,82.1,2013
20703,Alajuela,Palmares,Buenos Aires,81.9,2013
10904,San José,Santa Ana,Uruca,81.7,2013
10802,San José,Goicoechea,San Francisco,81.6,2013
40702,Heredia,Belén,Ribera,81.5,2013
30303,Cartago,La Unión,San Juan,81.2,2013
40102,Heredia,Heredia,Mercedes,81.1,2013
10804,San José,Goicoechea,Mata de Plátano,81,2013
40801,Heredia,Flores,San Joaquín,81,2013
40301,Heredia,Santo Domingo,Santo Domingo,80.7,2013
30101,Cartago,Cartago,Oriental,79.9,2013
10312,San José,Desamparados,Gravilias,79.7,2013
10801,San José,Goicoechea,Guadalupe,79.1,2013
11102,San José,Vázquez de Coronado,San Rafael,79.1,2013
20201,Alajuela,San Ramón,San Ramón,79.1,2013
40205,Heredia,Barva,Santa Lucía,78.4,2013
11503,San José,Montes de Oca,Mercedes,78.3,2013
40601,Heredia,San Isidro,San Isidro,78.3,2013
11403,San José,Moravia,Trinidad,78.2,2013
10906,San José,Santa Ana,Brasil,78,2013
40602,Heredia,San Isidro,San José,78,2013
10202,San José,Escazú,San Antonio,77.6,2013
10111,San José,San José,San Sebastián,77.4,2013
10701,San José,Mora,Colón,77.3,2013
11305,San José,Tibás,Colima,77.3,2013
40401,Heredia,Santa Bárbara,Santa Bárbara,77.3,2013
30301,Cartago,La Unión,Tres Ríos,77.2,2013
10803,San José,Goicoechea,Calle Blancos,77.1,2013
20505,Alajuela,Atenas,Concepción,77.1,2013
21101,Alajuela,Zarcero,Zarcero,77,2013
11802,San José,Curridabat,Granadilla,76.5,2013
40201,Heredia,Barva,Barva,76.5,2013
40305,Heredia,Santo Domingo,Santo Tomás,76.4,2013
40101,Heredia,Heredia,Heredia,76.1,2013
10311,San José,Desamparados,San Rafael Abajo,76,2013
40501,Heredia,San Rafael,San Rafael,75.9,2013
10310,San José,Desamparados,Damas,75.6,2013
11001,San José,Alajuelita,Alajuelita,75.6,2013
10104,San José,San José,Catedral,75.5,2013
40303,Heredia,Santo Domingo,San Miguel,74.7,2013
11103,San José,Vázquez de Coronado,Dulce Nombre de Jesús,74.6,2013
40603,Heredia,San Isidro,Concepción,74.6,2013
20507,Alajuela,Atenas,Santa Eulalia,74.5,2013
21103,Alajuela,Zarcero,Tapesco,74.5,2013
30109,Cartago,Cartago,Dulce Nombre,74.5,2013
20301,Alajuela,Grecia,Grecia,74.4,2013
30201,Cartago,Paraíso,Paraíso,74.3,2013
10301,San José,Desamparados,Desamparados,74,2013
21102,Alajuela,Zarcero,Laguna,73.9,2013
20113,Alajuela,Alajuela,Garita,73.7,2013
30106,Cartago,Cartago,Guadalupe (Arenilla),73.7,2013
40503,Heredia,San Rafael,Santiago,73.6,2013
40308,Heredia,Santo Domingo,Pará,73.4,2013
20104,Alajuela,Alajuela,San Antonio,73.3,2013
10304,San José,Desamparados,San Rafael Arriba,73.1,2013
30801,Cartago,El Guarco,Tejar,73.1,2013
10805,San José,Goicoechea,Ipís,72.9,2013
20702,Alajuela,Palmares,Zaragoza,72.7,2013
21107,Alajuela,Zarcero,Brisas,72.6,2013
10102,San José,San José,Merced,72.5,2013
11602,San José,Turrubares,San Pedro,72.2,2013
40203,Heredia,Barva,San Pablo,72.2,2013
10109,San José,San José,Pavas,72.1,2013
20101,Alajuela,Alajuela,Alajuela,72,2013
30305,Cartago,La Unión,Concepción,71.6,2013
40306,Heredia,Santo Domingo,Santa Rosa,71.3,2013
20503,Alajuela,Atenas,Mercedes,71.2,2013
30307,Cartago,La Unión,San Ramón,71.2,2013
40402,Heredia,Santa Bárbara,San Pedro,71.2,2013
20209,Alajuela,San Ramón,Alfaro,71,2013
40403,Heredia,Santa Bárbara,San Juan,71,2013
10902,San José,Santa Ana,Salitral,70.9,2013
40307,Heredia,Santo Domingo,Tures,70.9,2013
20105,Alajuela,Alajuela,Guácima,70.8,2013
40505,Heredia,San Rafael,Concepción,70.8,2013
30102,Cartago,Cartago,Occidental,70.6,2013
40104,Heredia,Heredia,Ulloa,70.6,2013
20102,Alajuela,Alajuela,San José,70.4,2013
20204,Alajuela,San Ramón,Piedades Norte,70.4,2013
10110,San José,San José,Hatillo,70.3,2013
40406,Heredia,Santa Bárbara,Purabá,70.2,2013
10401,San José,Puriscal,Santiago,70.1,2013
20203,Alajuela,San Ramón,San Juan,70.1,2013
30603,Cartago,Alvarado,Capellades,70,2013
20304,Alajuela,Grecia,San Roque,69.6,2013
20801,Alajuela,Poás,San Pedro,69.6,2013
40202,Heredia,Barva,San Pedro,69.6,2013
40502,Heredia,San Rafael,San Josecito,69.3,2013
11402,San José,Moravia,San Jerónimo,69.1,2013
40204,Heredia,Barva,San Roque,69,2013
11002,San José,Alajuelita,San Josecito,68.8,2013
40803,Heredia,Flores,Llorente,68.8,2013
10103,San José,San José,Hospital,68.6,2013
30602,Cartago,Alvarado,Cervantes,68.5,2013
30103,Cartago,Cartago,Carmen,68.4,2013
40404,Heredia,Santa Bárbara,Jesús,68.3,2013
11804,San José,Curridabat,Tirrases,68.2,2013
40304,Heredia,Santo Domingo,Paracito,68.1,2013
21205,Alajuela,Sarchí,Rodríguez,67.9,2013
30108,Cartago,Cartago,Tierra Blanca,67.6,2013
30701,Cartago,Oreamuno,San Rafael,67.6,2013
40504,Heredia,San Rafael,Ángeles,67.5,2013
20109,Alajuela,Alajuela,Río Segundo,67.3,2013
30304,Cartago,La Unión,San Rafael,67.3,2013
20108,Alajuela,Alajuela,San Rafael,67.1,2013
21204,Alajuela,Sarchí,San Pedro,67,2013
10307,San José,Desamparados,Patarrá,66.9,2013
10807,San José,Goicoechea,Purral,66.9,2013
30302,Cartago,La Unión,San Diego,66.8,2013
20706,Alajuela,Palmares,Esquipulas,66.7,2013
30204,Cartago,Paraíso,Cachí,66.7,2013
30104,Cartago,Cartago,San Nicolás,66.6,2013
40103,Heredia,Heredia,San Francisco,66.6,2013
20303,Alajuela,Grecia,San José,66.5,2013
21105,Alajuela,Zarcero,Palmira,66.4,2013
20302,Alajuela,Grecia,San Isidro,66.3,2013
11004,San José,Alajuelita,Concepción,66.1,2013
20502,Alajuela,Atenas,Jesús,65.9,2013
11302,San José,Tibás,Cinco Esquinas,65.8,2013
20207,Alajuela,San Ramón,San Isidro,65.8,2013
20601,Alajuela,Naranjo,Naranjo,65.5,2013
30702,Cartago,Oreamuno,Cot,65.5,2013
10408,San José,Puriscal,San Antonio,65.1,2013
10601,San José,Aserrí,Aserrí,65.1,2013
11105,San José,Vázquez de Coronado,Cascajal,65.1,2013
20206,Alajuela,San Ramón,San Rafael,65.1,2013
10302,San José,Desamparados,San Miguel,64.9,2013
21201,Alajuela,Sarchí,Sarchí Norte,64.8,2013
11201,San José,Acosta,San Ignacio,64.7,2013
40206,Heredia,Barva,San José de la Montaña,64.7,2013
30105,Cartago,Cartago,Aguacaliente (San Francisco),64.6,2013
10107,San José,San José,Uruca,64.4,2013
10308,San José,Desamparados,San Cristóbal,64.4,2013
11601,San José,Turrubares,San Pablo,64.2,2013
11005,San José,Alajuelita,San Felipe,64,2013
12001,San José,León Cortés Castro,San Pablo,64,2013
10306,San José,Desamparados,Frailes,63.9,2013
10403,San José,Puriscal,Barbacoas,63.9,2013
20111,Alajuela,Alajuela,Turrúcares,63.9,2013
30107,Cartago,Cartago,Corralillo,63.9,2013
30205,Cartago,Paraíso,Llanos de Santa Lucía,63.9,2013
20605,Alajuela,Naranjo,San Jerónimo,63.8,2013
20803,Alajuela,Poás,San Rafael,63.8,2013
20603,Alajuela,Naranjo,San José,63.6,2013
20202,Alajuela,San Ramón,Santiago,63.5,2013
10806,San José,Goicoechea,Rancho Redondo,63.3,2013
20110,Alajuela,Alajuela,Desamparados,63.3,2013
30704,Cartago,Oreamuno,Cipreses,63.3,2013
30401,Cartago,Jiménez,Juan Viñas,63,2013
30501,Cartago,Turrialba,Turrialba,62.8,2013
10303,San José,Desamparados,San Juan de Dios,62.7,2013
20103,Alajuela,Alajuela,Carrizal,62.6,2013
30601,Cartago,Alvarado,Pacayas,62.4,2013
40604,Heredia,San Isidro,San Francisco,62.4,2013
20305,Alajuela,Grecia,Tacares,62.2,2013
20506,Alajuela,Atenas,San José,62,2013
40405,Heredia,Santa Bárbara,Santo Domingo,61.9,2013
30203,Cartago,Paraíso,Orosi,61.8,2013
20802,Alajuela,Poás,San Juan,61.7,2013
30110,Cartago,Cartago,Llano Grande,61.7,2013
20112,Alajuela,Alajuela,Tambor,61,2013
10405,San José,Puriscal,San Rafael,60.9,2013
20804,Alajuela,Poás,Carrillos,60.9,2013
10604,San José,Aserrí,San Gabriel,60.8,2013
10702,San José,Mora,Guayabo,60.8,2013
20704,Alajuela,Palmares,Santiago,60.7,2013
30111,Cartago,Cartago,Quebradilla,60.7,2013
10313,San José,Desamparados,Los Guido,60.5,2013
20307,Alajuela,Grecia,Puente de Piedra,60.5,2013
30308,Cartago,La Unión,Río Azul,60.5,2013
21202,Alajuela,Sarchí,Sarchí Sur,59.9,2013
20308,Alajuela,Grecia,Bolívar,59.8,2013
30803,Cartago,El Guarco,Tobosi,59.8,2013
30509,Cartago,Turrialba,Santa Rosa,59.6,2013
10607,San José,Aserrí,Salitrillos,59.5,2013
20608,Alajuela,Naranjo,Palmitos,59.5,2013
10501,San José,Tarrazú,San Marcos,59.4,2013
21104,Alajuela,Zarcero,Guadalupe,59.4,2013
21106,Alajuela,Zarcero,Zapote,59.4,2013
20602,Alajuela,Naranjo,San Miguel,59.2,2013
30306,Cartago,La Unión,Dulce Nombre,59.2,2013
20508,Alajuela,Atenas,Escobal,59.1,2013
20606,Alajuela,Naranjo,San Juan,59,2013
20106,Alajuela,Alajuela,San Isidro,58.9,2013
11701,San José,Dota,Santa María,58.7,2013
10309,San José,Desamparados,Rosario,58.6,2013
10602,San José,Aserrí,Tarbaca,58.6,2013
10603,San José,Aserrí,Vuelta de Jorco,58.4,2013
20107,Alajuela,Alajuela,Sabanilla,58.2,2013
11304,San José,Tibás,León XIII,58.1,2013
20504,Alajuela,Atenas,San Isidro,58.1,2013
10406,San José,Puriscal,Candelaria,58,2013
20211,Alajuela,San Ramón,Concepción,58,2013
10402,San José,Puriscal,Mercedes Sur,57.5,2013
21203,Alajuela,Sarchí,Toro Amarillo,57.5,2013
30802,Cartago,El Guarco,San Isidro,57.1,2013
10703,San José,Mora,Tabarcia,56.7,2013
20604,Alajuela,Naranjo,Cirrí Sur,56.4,2013
20205,Alajuela,San Ramón,Piedades Sur,56.3,2013
20208,Alajuela,San Ramón,Ángeles,56.3,2013
30502,Cartago,Turrialba,La Suiza,55.9,2013
30804,Cartago,El Guarco,Patio de Agua,55.8,2013
20705,Alajuela,Palmares,Candelaria,55.6,2013
30202,Cartago,Paraíso,Santiago,55.2,2013
30402,Cartago,Jiménez,Tucurrique,55.2,2013
20607,Alajuela,Naranjo,Rosario,55.1,2013
12006,San José,León Cortés Castro,San Antonio,54.5,2013
30403,Cartago,Jiménez,Pejibaye,54.2,2013
11003,San José,Alajuelita,San Antonio,53.7,2013
10705,San José,Mora,Picagres,53.6,2013
30511,Cartago,Turrialba,La Isabel,53.6,2013
11203,San José,Acosta,Palmichal,53.5,2013
20210,Alajuela,San Ramón,Volio,53.4,2013
30506,Cartago,Turrialba,Pavones,53.4,2013
30703,Cartago,Oreamuno,Potrero Cerrado,53.3,2013
10404,San José,Puriscal,Grifo Alto,53.2,2013
30705,Cartago,Oreamuno,Santa Rosa,52.7,2013
10704,San José,Mora,Piedras Negras,52.1,2013
10706,San José,Mora,Jaris,52.1,2013
30505,Cartago,Turrialba,Santa Teresita,51.6,2013
20805,Alajuela,Poás,Sabana Redonda,51.5,2013
11703,San José,Dota,Copey,51.3,2013
40105,Heredia,Heredia,Varablanca,50.6,2013
10407,San José,Puriscal,Desamparaditos,50.2,2013
12005,San José,León Cortés Castro,Santa Cruz,49.7,2013
11202,San José,Acosta,Guaitil,49.4,2013
10606,San José,Aserrí,Monterrey,48.9,2013
11605,San José,Turrubares,Carara,48.4,2013
10502,San José,Tarrazú,San Lorenzo,46.9,2013
11702,San José,Dota,Jardín,45.6,2013
11603,San José,Turrubares,San Juan de Mata,45.5,2013
30504,Cartago,Turrialba,Santa Cruz,45.4,2013
12002,San José,León Cortés Castro,San Andrés,45.2,2013
12004,San José,León Cortés Castro,San Isidro,45.2,2013
12003,San José,León Cortés Castro,Llano Bonito,44.8,2013
30507,Cartago,Turrialba,Tuis,44.3,2013
30508,Cartago,Turrialba,Tayutic,43.4,2013
30510,Cartago,Turrialba,Tres Equis,43.3,2013
10605,San José,Aserrí,Legua,42.6,2013
20212,Alajuela,San Ramón,Zapotal,42.2,2013
11604,San José,Turrubares,San Luis,41,2013
30503,Cartago,Turrialba,Peralta,40.3,2013
10503,San José,Tarrazú,San Carlos,40.2,2013
11204,San José,Acosta,Cangrejal,40.2,2013
10409,San José,Puriscal,Chires,39.4,2013
11205,San José,Acosta,Sabanillas,36.1,2013
30512,Cartago,Turrialba,Chirripó,0,2013
NA,NA,NA,NA,NA,2013
NA,NA,NA,NA,NA,2013
NA,NA,NA,Región Brunca,NA,2013
NA,NA,NA,NA,NA,2013
11903,San José,Pérez Zeledón,Daniel Flores,68.9,2013
11901,San José,Pérez Zeledón,San Isidro de El General,65.9,2013
11902,San José,Pérez Zeledón,General,65.5,2013
60801,Puntarenas,Coto Brus,San Vito,60.2,2013
60501,Puntarenas,Osa,Puerto Cortés,56.4,2013
61002,Puntarenas,Corredores,La Cuesta,53.3,2013
60803,Puntarenas,Coto Brus,Aguabuena,52.6,2013
11904,San José,Pérez Zeledón,Rivas,52.5,2013
60504,Puntarenas,Osa,Bahía Ballena,50.8,2013
11906,San José,Pérez Zeledón,Platanares,49.7,2013
60701,Puntarenas,Golfito,Golfito,49.7,2013
60502,Puntarenas,Osa,Palmar,49.6,2013
11909,San José,Pérez Zeledón,Barú,49,2013
11911,San José,Pérez Zeledón,Páramo,48.8,2013
60309,Puntarenas,Buenos Aires,Brunka,48,2013
11905,San José,Pérez Zeledón,San Pedro,47.2,2013
60301,Puntarenas,Buenos Aires,Buenos Aires,47.2,2013
11908,San José,Pérez Zeledón,Cajón,46.9,2013
11910,San José,Pérez Zeledón,Río Nuevo,46.9,2013
60703,Puntarenas,Golfito,Guaycará,46.9,2013
61001,Puntarenas,Corredores,Corredor,46.8,2013
60802,Puntarenas,Coto Brus,Sabalito,45.7,2013
60702,Puntarenas,Golfito,Puerto Jiménez,45.5,2013
11907,San José,Pérez Zeledón,Pejibaye,45.2,2013
60302,Puntarenas,Buenos Aires,Volcán,44.7,2013
60506,Puntarenas,Osa,Bahía Drake,44.5,2013
61003,Puntarenas,Corredores,Canoas,44.3,2013
61004,Puntarenas,Corredores,Laurel,42.2,2013
60308,Puntarenas,Buenos Aires,Biolley,38.5,2013
60805,Puntarenas,Coto Brus,Pittier,36.9,2013
60804,Puntarenas,Coto Brus,Limoncito,35.4,2013
60304,Puntarenas,Buenos Aires,Boruca,34.3,2013
60505,Puntarenas,Osa,Piedras Blancas,34.2,2013
60306,Puntarenas,Buenos Aires,Colinas,33.3,2013
60503,Puntarenas,Osa,Sierpe,32.9,2013
60307,Puntarenas,Buenos Aires,Chánguena,31.7,2013
60303,Puntarenas,Buenos Aires,Potrero Grande,31.6,2013
60305,Puntarenas,Buenos Aires,Pilas,29.1,2013
60704,Puntarenas,Golfito,Pavón,26.4,2013
NA,NA,NA,NA,NA,2013
NA,NA,NA,NA,NA,2013
NA,NA,NA,Región Chorotega,NA,2013
NA,NA,NA,NA,NA,2013
50305,Guanacaste,Santa Cruz,Cartagena,75.3,2013
50801,Guanacaste,Tilarán,Tilarán,73.6,2013
50501,Guanacaste,Carrillo,Filadelfia,73.2,2013
50502,Guanacaste,Carrillo,Palmira,68.3,2013
50101,Guanacaste,Liberia,Liberia,67.6,2013
50901,Guanacaste,Nandayure,Carmona,67.6,2013
50301,Guanacaste,Santa Cruz,Santa Cruz,67.1,2013
50503,Guanacaste,Carrillo,Sardinal,67,2013
51101,Guanacaste,Hojancha,Hojancha,67,2013
50307,Guanacaste,Santa Cruz,Diriá,66.5,2013
50102,Guanacaste,Liberia,Cañas Dulces,65.1,2013
50704,Guanacaste,Abangares,Colorado,64.8,2013
50302,Guanacaste,Santa Cruz,Bolsón,64.2,2013
50601,Guanacaste,Cañas,Cañas,62.8,2013
51104,Guanacaste,Hojancha,Huacas,62.5,2013
50504,Guanacaste,Carrillo,Belén,61.9,2013
51103,Guanacaste,Hojancha,Puerto Carrillo,60.5,2013
50806,Guanacaste,Tilarán,Tierras Morenas,60.4,2013
51001,Guanacaste,La Cruz,La Cruz,60.3,2013
50308,Guanacaste,Santa Cruz,Cabo Velas,58.4,2013
50309,Guanacaste,Santa Cruz,Tamarindo,58.2,2013
50304,Guanacaste,Santa Cruz,Tempate,58,2013
50202,Guanacaste,Nicoya,Mansión,57.2,2013
50401,Guanacaste,Bagaces,Bagaces,57.1,2013
50807,Guanacaste,Tilarán,Arenal,57,2013
50201,Guanacaste,Nicoya,Nicoya,56.7,2013
50104,Guanacaste,Liberia,Nacascolo,56.5,2013
50902,Guanacaste,Nandayure,Santa Rita,56.5,2013
50403,Guanacaste,Bagaces,Mogote,56.3,2013
50206,Guanacaste,Nicoya,Nosara,56,2013
51102,Guanacaste,Hojancha,Monte Romo,55.8,2013
50303,Guanacaste,Santa Cruz,Veintisiete de Abril,55.6,2013
50804,Guanacaste,Tilarán,Santa Rosa,55.2,2013
50805,Guanacaste,Tilarán,Líbano,55.1,2013
51004,Guanacaste,La Cruz,Santa Elena,54.1,2013
50905,Guanacaste,Nandayure,Porvenir,53.6,2013
50404,Guanacaste,Bagaces,Río Naranjo,53.2,2013
50105,Guanacaste,Liberia,Curubandé,52.7,2013
50703,Guanacaste,Abangares,San Juan,51.9,2013
50802,Guanacaste,Tilarán,Quebrada Grande,51.3,2013
50904,Guanacaste,Nandayure,San Pablo,51.2,2013
50604,Guanacaste,Cañas,Bebedero,50.9,2013
50903,Guanacaste,Nandayure,Zapotal,50.9,2013
50103,Guanacaste,Liberia,Mayorga,50.7,2013
50803,Guanacaste,Tilarán,Tronadora,50.2,2013
50204,Guanacaste,Nicoya,Quebrada Honda,50,2013
50701,Guanacaste,Abangares,Juntas,49.5,2013
50402,Guanacaste,Bagaces,Fortuna,48.5,2013
50306,Guanacaste,Santa Cruz,Cuajiniquil,47.8,2013
50702,Guanacaste,Abangares,Sierra,47.7,2013
50906,Guanacaste,Nandayure,Bejuco,47,2013
50602,Guanacaste,Cañas,Palmira,46.3,2013
50205,Guanacaste,Nicoya,Sámara,46.2,2013
50203,Guanacaste,Nicoya,San Antonio,44.7,2013
50603,Guanacaste,Cañas,San Miguel,44.6,2013
50605,Guanacaste,Cañas,Porozal,42.8,2013
50207,Guanacaste,Nicoya,Belén de Nosarita,41.7,2013
51003,Guanacaste,La Cruz,Garita,39.4,2013
51002,Guanacaste,La Cruz,Santa Cecilia,36,2013
NA,NA,NA,NA,NA,2013
NA,NA,NA,NA,NA,2013
NA,NA,NA,Región Huetar Caribe,NA,2013
NA,NA,NA,NA,NA,2013
70201,Limón,Pococí,Guápiles,67.3,2013
70202,Limón,Pococí,Jiménez,61.4,2013
70601,Limón,Guácimo,Guácimo,57.5,2013
70301,Limón,Siquirres,Siquirres,55.5,2013
70306,Limón,Siquirres,Alegría,52.3,2013
70502,Limón,Matina,Batán,52.3,2013
70602,Limón,Guácimo,Mercedes,51.7,2013
70403,Limón,Talamanca,Cahuita,50.7,2013
70101,Limón,Limón,Limón,50.5,2013
70205,Limón,Pococí,Cariari,49.2,2013
70501,Limón,Matina,Matina,48.8,2013
70103,Limón,Limón,Río Blanco,48.4,2013
70304,Limón,Siquirres,Germania,48.4,2013
70503,Limón,Matina,Carrandi,48.2,2013
70604,Limón,Guácimo,Río Jiménez,47.8,2013
70605,Limón,Guácimo,Duacarí,47.5,2013
70603,Limón,Guácimo,Pocora,47,2013
70204,Limón,Pococí,Roxana,46.9,2013
70207,Limón,Pococí,Colonia,45.3,2013
70305,Limón,Siquirres,Cairo,45,2013
70203,Limón,Pococí,Rita,44.4,2013
70303,Limón,Siquirres,Florida,42.8,2013
70104,Limón,Limón,Matama,42.5,2013
70402,Limón,Talamanca,Sixaola,41.5,2013
70302,Limón,Siquirres,Pacuarito,40.9,2013
70401,Limón,Talamanca,Bratsi,34.6,2013
70102,Limón,Limón,Valle La Estrella,27.3,2013
70206,Limón,Pococí,Colorado,24.8,2013
70404,Limón,Talamanca,Telire,20.7,2013
NA,NA,NA,NA,NA,2013
NA,NA,NA,NA,NA,2013
NA,NA,NA,Región Huetar Norte,NA,2013
NA,NA,NA,NA,NA,2013
21001,Alajuela,San Carlos,Quesada,66.6,2013
21005,Alajuela,San Carlos,Venecia,61.6,2013
21009,Alajuela,San Carlos,Palmera,61.3,2013
21002,Alajuela,San Carlos,Florencia,59.8,2013
21008,Alajuela,San Carlos,Tigra,59.4,2013
21003,Alajuela,San Carlos,Buenavista,57.3,2013
21007,Alajuela,San Carlos,Fortuna,56.4,2013
20213,Alajuela,San Ramón,Peñas Blancas,55.7,2013
21004,Alajuela,San Carlos,Aguas Zarcas,55.1,2013
20114,Alajuela,Alajuela,Sarapiquí,54.5,2013
21301,Alajuela,Upala,Upala,52.2,2013
41003,Heredia,Sarapiquí,Horquetas,51.1,2013
21304,Alajuela,Upala,Bijagua,50.9,2013
21308,Alajuela,Upala,Canalete,50.9,2013
21012,Alajuela,San Carlos,Monterrey,50.4,2013
21006,Alajuela,San Carlos,Pital,49.6,2013
21402,Alajuela,Los Chiles,Caño Negro,47.6,2013
21010,Alajuela,San Carlos,Venado,47.2,2013
21302,Alajuela,Upala,Aguas Claras,46.6,2013
21501,Alajuela,Guatuso,San Rafael,45.3,2013
21502,Alajuela,Guatuso,Buenavista,45,2013
21504,Alajuela,Guatuso,Katira,44.3,2013
41002,Heredia,Sarapiquí,La Virgen,44.1,2013
21401,Alajuela,Los Chiles,Los Chiles,43.4,2013
21305,Alajuela,Upala,Delicias,42.9,2013
41001,Heredia,Sarapiquí,Puerto Viejo,41.8,2013
21013,Alajuela,San Carlos,Pocosol,41.5,2013
21307,Alajuela,Upala,Yolillal,41.1,2013
21404,Alajuela,Los Chiles,San Jorge,40.9,2013
21011,Alajuela,San Carlos,Cutris,40,2013
20306,NA,NA,Río Cuarto,39.9,2013
21403,Alajuela,Los Chiles,El Amparo,38.7,2013
21306,Alajuela,Upala,Dos Ríos,38.4,2013
21503,Alajuela,Guatuso,Cote,37.4,2013
21303,Alajuela,Upala,San José (Pizote),31.3,2013
41004,Heredia,Sarapiquí,Llanuras del Gaspar,18.8,2013
41005,Heredia,Sarapiquí,Cureña,9,2013
NA,NA,NA,NA,NA,2013
NA,NA,NA,NA,NA,2013
NA,NA,NA,Región Pacífico Central,NA,2013
NA,NA,NA,NA,NA,2013
60203,Puntarenas,Esparza,Macacona,73.9,2013
20901,Alajuela,Orotina,Orotina,69.7,2013
20403,Alajuela,San Mateo,Jesús María,69.4,2013
60115,Puntarenas,Puntarenas,El Roble,67.6,2013
60201,Puntarenas,Esparza,Espíritu Santo,67,2013
20401,Alajuela,San Mateo,San Mateo,66.1,2013
60109,Puntarenas,Puntarenas,Monte Verde,62.7,2013
60101,Puntarenas,Puntarenas,Puntarenas,62.4,2013
61101,Puntarenas,Garabito,Jacó,62,2013
20404,Alajuela,San Mateo,Labrador,61.7,2013
60601,Puntarenas,Quepos,Quepos,60.7,2013
60401,Puntarenas,Montes de Oro,Miramar,59.2,2013
60108,Puntarenas,Puntarenas,Barranca,58.1,2013
20903,Alajuela,Orotina,Hacienda Vieja,57.8,2013
20402,Alajuela,San Mateo,Desmonte,57.4,2013
60403,Puntarenas,Montes de Oro,San Isidro,57.2,2013
60202,Puntarenas,Esparza,San Juan Grande,57.1,2013
60204,Puntarenas,Esparza,San Rafael,55.6,2013
20902,Alajuela,Orotina,Mastate,54.8,2013
61102,Puntarenas,Garabito,Tárcoles,54.4,2013
20905,Alajuela,Orotina,Ceiba,54.1,2013
20904,Alajuela,Orotina,Coyolar,52.9,2013
60111,Puntarenas,Puntarenas,Cóbano,52.5,2013
60104,Puntarenas,Puntarenas,Lepanto,51.8,2013
60102,Puntarenas,Puntarenas,Pitahaya,51.2,2013
60114,Puntarenas,Puntarenas,Acapulco,51,2013
60205,Puntarenas,Esparza,San Jerónimo,51,2013
60901,Puntarenas,Parrita,Parrita,50.7,2013
60106,Puntarenas,Puntarenas,Manzanillo,50.2,2013
60112,Puntarenas,Puntarenas,Chacarita,50.1,2013
60603,Puntarenas,Quepos,Naranjito,48.8,2013
60602,Puntarenas,Quepos,Savegre,47.9,2013
60105,Puntarenas,Puntarenas,Paquera,47.6,2013
60107,Puntarenas,Puntarenas,Guacimal,43.9,2013
60113,Puntarenas,Puntarenas,Chira,42.7,2013
60402,Puntarenas,Montes de Oro,Unión,41.7,2013
60103,Puntarenas,Puntarenas,Chomes,39.5,2013
60116,Puntarenas,Puntarenas,Arancibia,37.5,2013
10101,San José,San José,Carmen,81.15828109720682,2017
10102,San José,San José,Merced,67.73083736887753,2017
10103,San José,San José,Hospital,62.50154863825351,2017
10104,San José,San José,Catedral,76.17397390323066,2017
10105,San José,San José,Zapote,82.85745417314988,2017
10106,San José,San José,San Francisco Dos Ríos,82.8683924034249,2017
10107,San José,San José,Uruca,63.86550072656231,2017
10108,San José,San José,Mata Redonda,93.16037817657083,2017
10109,San José,San José,Pavas,73.72292950819734,2017
10110,San José,San José,Hatillo,68.70805954239472,2017
10111,San José,San José,San Sebastián,76.18607625834034,2017
10201,San José,Escazú,Escazú,91.53879118939918,2017
10202,San José,Escazú,San Antonio,80.89981186068489,2017
10203,San José,Escazú,San Rafael,100,2017
10301,San José,Desamparados,Desamparados,81.41616666403722,2017
10302,San José,Desamparados,San Miguel,68.44753084233778,2017
10303,San José,Desamparados,San Juan de Dios,68.65610556015851,2017
10304,San José,Desamparados,San Rafael Arriba,75.63965855255584,2017
10305,San José,Desamparados,San Antonio,86.66144828824628,2017
10306,San José,Desamparados,Frailes,55.81829352066994,2017
10307,San José,Desamparados,Patarrá,69.22908355126516,2017
10308,San José,Desamparados,San Cristóbal,63.83931294099517,2017
10309,San José,Desamparados,Rosario,55.09444617399425,2017
10310,San José,Desamparados,Damas,78.79392982502262,2017
10311,San José,Desamparados,San Rafael Abajo,74.60427671854012,2017
10312,San José,Desamparados,Gravilias,84.83687364050917,2017
10313,San José,Desamparados,Los Guido,60.508258436787834,2017
10401,San José,Puriscal,Santiago,74.40557143471892,2017
10402,San José,Puriscal,Mercedes Sur,61.461194908396436,2017
10403,San José,Puriscal,Barbacoas,63.48208044830339,2017
10404,San José,Puriscal,Grifo Alto,55.28125400789688,2017
10405,San José,Puriscal,San Rafael,54.676847934534365,2017
10406,San José,Puriscal,Candelaria,62.51153681588115,2017
10407,San José,Puriscal,Desamparaditos,62.56821524115035,2017
10408,San José,Puriscal,San Antonio,63.045791559414944,2017
10409,San José,Puriscal,Chires,43.535927808785054,2017
10501,San José,Tarrazú,San Marcos,59.28743315565382,2017
10502,San José,Tarrazú,San Lorenzo,36.28323762812356,2017
10503,San José,Tarrazú,San Carlos,36.784635049482034,2017
10601,San José,Aserrí,Aserrí,69.54523209605003,2017
10602,San José,Aserrí,Tarbaca,57.92768057614728,2017
10603,San José,Aserrí,Vuelta de Jorco,60.50219968036876,2017
10604,San José,Aserrí,San Gabriel,55.24711098145417,2017
10605,San José,Aserrí,Legua,45.70021347889303,2017
10606,San José,Aserrí,Monterrey,50.07496858841388,2017
10607,San José,Aserrí,Salitrillos,62.045404893555244,2017
10701,San José,Mora,Colón,77.24566222616392,2017
10702,San José,Mora,Guayabo,66.31946170415091,2017
10703,San José,Mora,Tabarcia,59.01893274592188,2017
10704,San José,Mora,Piedras Negras,47.73433207313682,2017
10705,San José,Mora,Picagres,64.5927548215822,2017
10706,San José,Mora,Jaris,56.1152898830353,2017
10707,San José,Mora,Quitirrisí,60.02901494761783,2017
10801,San José,Goicoechea,Guadalupe,79.68374233611202,2017
10802,San José,Goicoechea,San Francisco,77.542806318986,2017
10803,San José,Goicoechea,Calle Blancos,78.34909254460723,2017
10804,San José,Goicoechea,Mata de Plátano,79.31720951212839,2017
10805,San José,Goicoechea,Ipís,72.52461693367616,2017
10806,San José,Goicoechea,Rancho Redondo,71.0981060064367,2017
10807,San José,Goicoechea,Purral,67.50613653619236,2017
10901,San José,Santa Ana,Santa Ana,90.21770441768192,2017
10902,San José,Santa Ana,Salitral,70.27422430536284,2017
10903,San José,Santa Ana,Pozos,95.32338865849323,2017
10904,San José,Santa Ana,Uruca,82.01597863558575,2017
10905,San José,Santa Ana,Piedades,84.61995431721554,2017
10906,San José,Santa Ana,Brasil,74.8873152466233,2017
11001,San José,Alajuelita,Alajuelita,79.17592211444263,2017
11002,San José,Alajuelita,San Josecito,70.26461907796397,2017
11003,San José,Alajuelita,San Antonio,62.68498155440058,2017
11004,San José,Alajuelita,Concepción,68.51902882143949,2017
11005,San José,Alajuelita,San Felipe,68.09881881208545,2017
11101,San José,Vázquez de Coronado,San Isidro,84.7468851705673,2017
11102,San José,Vázquez de Coronado,San Rafael,79.87961158995618,2017
11103,San José,Vázquez de Coronado,Dulce Nombre de Jesús,79.38469581934982,2017
11104,San José,Vázquez de Coronado,Patalillo,82.18952274880859,2017
11105,San José,Vázquez de Coronado,Cascajal,64.91410588430121,2017
11201,San José,Acosta,San Ignacio,67.96153387388188,2017
11202,San José,Acosta,Guaitil,53.33296166323692,2017
11203,San José,Acosta,Palmichal,59.851819589847565,2017
11204,San José,Acosta,Cangrejal,50.333131547398224,2017
11205,San José,Acosta,Sabanillas,42.86323464947384,2017
11301,San José,Tibás,San Juan,81.30691553331162,2017
11302,San José,Tibás,Cinco Esquinas,64.80935623918683,2017
11303,San José,Tibás,Anselmo Llorente,83.60625800492687,2017
11304,San José,Tibás,León XIII,59.358036448504826,2017
11305,San José,Tibás,Colima,76.11945897078797,2017
11401,San José,Moravia,San Vicente,90.03716042701798,2017
11402,San José,Moravia,San Jerónimo,70.05965781820869,2017
11403,San José,Moravia,Trinidad,76.36607376923922,2017
11501,San José,Montes de Oca,San Pedro,88.38657087254482,2017
11502,San José,Montes de Oca,Sabanilla,89.24345018454544,2017
11503,San José,Montes de Oca,Mercedes,90.84817429242904,2017
11504,San José,Montes de Oca,San Rafael,77.4300424601803,2017
11601,San José,Turrubares,San Pablo,65.08919931801603,2017
11602,San José,Turrubares,San Pedro,54.627463063086566,2017
11603,San José,Turrubares,San Juan de Mata,49.09557099565198,2017
11604,San José,Turrubares,San Luis,50.52772348796303,2017
11605,San José,Turrubares,Carara,51.77730246695239,2017
11701,San José,Dota,Santa María,54.20667808970313,2017
11702,San José,Dota,Jardín,54.56630089836079,2017
11703,San José,Dota,Copey,51.68692390432806,2017
11801,San José,Curridabat,Curridabat,84.39336783299035,2017
11802,San José,Curridabat,Granadilla,86.44506026156327,2017
11803,San José,Curridabat,Sánchez,99.47358625818718,2017
11804,San José,Curridabat,Tirrases,66.37069938645432,2017
11901,San José,Pérez Zeledón,San Isidro de El General,69.94051801842592,2017
11902,San José,Pérez Zeledón,General,67.120271608739,2017
11903,San José,Pérez Zeledón,Daniel Flores,71.44541202616116,2017
11904,San José,Pérez Zeledón,Rivas,52.70453602716948,2017
11905,San José,Pérez Zeledón,San Pedro,52.8273116298482,2017
11906,San José,Pérez Zeledón,Platanares,55.79862365966719,2017
11907,San José,Pérez Zeledón,Pejibaye,46.945090262464234,2017
11908,San José,Pérez Zeledón,Cajón,52.11275749594242,2017
11909,San José,Pérez Zeledón,Barú,49.82040072081266,2017
11910,San José,Pérez Zeledón,Río Nuevo,42.354054508226035,2017
11911,San José,Pérez Zeledón,Páramo,47.4489219321608,2017
11912,San José,Pérez Zeledón,La Amistad,51.37185696106572,2017
12001,San José,León Cortés Castro,San Pablo,56.49463440833444,2017
12002,San José,León Cortés Castro,San Andrés,44.245427131151885,2017
12003,San José,León Cortés Castro,Llano Bonito,40.08211779740199,2017
12004,San José,León Cortés Castro,San Isidro,44.8563594009472,2017
12005,San José,León Cortés Castro,Santa Cruz,48.23064817792286,2017
12006,San José,León Cortés Castro,San Antonio,56.13780279358005,2017
20101,Alajuela,Alajuela,Alajuela,77.81669828589176,2017
20102,Alajuela,Alajuela,San José,70.72048511639298,2017
20103,Alajuela,Alajuela,Carrizal,64.37708938734781,2017
20104,Alajuela,Alajuela,San Antonio,72.31705122102923,2017
20105,Alajuela,Alajuela,Guácima,69.79457606384976,2017
20106,Alajuela,Alajuela,San Isidro,63.56642160158713,2017
20107,Alajuela,Alajuela,Sabanilla,61.799222946176535,2017
20108,Alajuela,Alajuela,San Rafael,69.0329723419571,2017
20109,Alajuela,Alajuela,Río Segundo,66.65061430479882,2017
20110,Alajuela,Alajuela,Desamparados,68.56491551526548,2017
20111,Alajuela,Alajuela,Turrúcares,68.70615211346734,2017
20112,Alajuela,Alajuela,Tambor,68.03257043487676,2017
20113,Alajuela,Alajuela,Garita,73.48454933021019,2017
20114,Alajuela,Alajuela,Sarapiquí,56.075487647853905,2017
20201,Alajuela,San Ramón,San Ramón,89.08427418970619,2017
20202,Alajuela,San Ramón,Santiago,61.21265974738061,2017
20203,Alajuela,San Ramón,San Juan,75.89457188939224,2017
20204,Alajuela,San Ramón,Piedades Norte,72.71083231979752,2017
20205,Alajuela,San Ramón,Piedades Sur,59.05978857002193,2017
20206,Alajuela,San Ramón,San Rafael,70.87978590824294,2017
20207,Alajuela,San Ramón,San Isidro,72.17886904439314,2017
20208,Alajuela,San Ramón,Ángeles,60.437278941570824,2017
20209,Alajuela,San Ramón,Alfaro,73.5197981828168,2017
20210,Alajuela,San Ramón,Volio,56.30256729784414,2017
20211,Alajuela,San Ramón,Concepción,64.98327805769819,2017
20212,Alajuela,San Ramón,Zapotal,46.21574682297233,2017
20213,Alajuela,San Ramón,Peñas Blancas,57.909391178824556,2017
20214,Alajuela,San Ramón,San Lorenzo,60.437278941570824,2017
20301,Alajuela,Grecia,Grecia,76.65122401865554,2017
20302,Alajuela,Grecia,San Isidro,70.90117528708231,2017
20303,Alajuela,Grecia,San José,73.05423538195053,2017
20304,Alajuela,Grecia,San Roque,74.94986089991848,2017
20305,Alajuela,Grecia,Tacares,71.07323246428552,2017
20307,Alajuela,Grecia,Puente de Piedra,68.90631935667585,2017
20308,Alajuela,Grecia,Bolívar,68.3398925840837,2017
20401,Alajuela,San Mateo,San Mateo,74.26112678397911,2017
20402,Alajuela,San Mateo,Desmonte,68.32547711601633,2017
20403,Alajuela,San Mateo,Jesús María,76.20073280165659,2017
20404,Alajuela,San Mateo,Labrador,73.34655991641982,2017
20501,Alajuela,Atenas,Atenas,91.95828903696712,2017
20502,Alajuela,Atenas,Jesús,70.30460763813599,2017
20503,Alajuela,Atenas,Mercedes,71.52887807571527,2017
20504,Alajuela,Atenas,San Isidro,57.51165271746066,2017
20505,Alajuela,Atenas,Concepción,74.50892998476778,2017
20506,Alajuela,Atenas,San José,62.041258183331124,2017
20507,Alajuela,Atenas,Santa Eulalia,68.87472721183315,2017
20508,Alajuela,Atenas,Escobal,52.3444747667445,2017
20601,Alajuela,Naranjo,Naranjo,73.05081450164943,2017
20602,Alajuela,Naranjo,San Miguel,65.36638143748225,2017
20603,Alajuela,Naranjo,San José,67.63438066451982,2017
20604,Alajuela,Naranjo,Cirrí Sur,60.4811094180197,2017
20605,Alajuela,Naranjo,San Jerónimo,65.79645065184735,2017
20606,Alajuela,Naranjo,San Juan,67.19573459350478,2017
20607,Alajuela,Naranjo,Rosario,67.05208388706552,2017
20608,Alajuela,Naranjo,Palmito,65.09729535764856,2017
20701,Alajuela,Palmares,Palmares,96.90318289163649,2017
20702,Alajuela,Palmares,Zaragoza,81.62688073017455,2017
20703,Alajuela,Palmares,Buenos Aires,78.27578725489332,2017
20704,Alajuela,Palmares,Santiago,68.42231280692872,2017
20705,Alajuela,Palmares,Candelaria,63.057089420494435,2017
20706,Alajuela,Palmares,Esquipulas,70.91377311865836,2017
20707,Alajuela,Palmares,Granja,90.39626770525419,2017
20801,Alajuela,Poás,San Pedro,74.3879807677413,2017
20802,Alajuela,Poás,San Juan,63.13062020751029,2017
20803,Alajuela,Poás,San Rafael,71.79208363794156,2017
20804,Alajuela,Poás,Carrillos,66.03087736013737,2017
20805,Alajuela,Poás,Sabana Redonda,59.63019453487184,2017
20901,Alajuela,Orotina,Orotina,73.82074309090648,2017
20902,Alajuela,Orotina,Mastate,68.89451971802161,2017
20903,Alajuela,Orotina,Hacienda Vieja,73.70447419096787,2017
20904,Alajuela,Orotina,Coyolar,51.71993060916685,2017
20905,Alajuela,Orotina,Ceiba,50.82300008560159,2017
21001,Alajuela,San Carlos,Quesada,72.63189679524513,2017
21002,Alajuela,San Carlos,Florencia,59.99528076604356,2017
21003,Alajuela,San Carlos,Buenavista,54.529716969032584,2017
21004,Alajuela,San Carlos,Aguas Zarcas,60.55857916998496,2017
21005,Alajuela,San Carlos,Venecia,63.023990220263705,2017
21006,Alajuela,San Carlos,Pital,51.2706622403537,2017
21007,Alajuela,San Carlos,Fortuna,61.20391310552332,2017
21008,Alajuela,San Carlos,Tigra,62.39643863158118,2017
21009,Alajuela,San Carlos,Palmera,62.68994344018798,2017
21010,Alajuela,San Carlos,Venado,45.043565389929576,2017
21011,Alajuela,San Carlos,Cutris,46.8868407735289,2017
21012,Alajuela,San Carlos,Monterrey,55.063426838969235,2017
21013,Alajuela,San Carlos,Pocosol,46.91771603733661,2017
21101,Alajuela,Zarcero,Zarcero,82.02834180647801,2017
21102,Alajuela,Zarcero,Laguna,74.03304372161215,2017
21103,Alajuela,Zarcero,Tapezco,79.51351625059667,2017
21104,Alajuela,Zarcero,Guadalupe,42.84237816642199,2017
21105,Alajuela,Zarcero,Palmira,70.92764409293906,2017
21106,Alajuela,Zarcero,Zapote,72.12912701989403,2017
21107,Alajuela,Zarcero,Brisas,77.7512741174814,2017
21201,Alajuela,Sarchí,Sarchí Norte,74.3364183408804,2017
21202,Alajuela,Sarchí,Sarchí Sur,64.43479944639522,2017
21203,Alajuela,Sarchí,Toro Amarillo,57.98414669176232,2017
21204,Alajuela,Sarchí,San Pedro,72.9147055360751,2017
21205,Alajuela,Sarchí,Rodríguez,71.44921015346203,2017
21301,Alajuela,Upala,Upala,51.58162143714281,2017
21302,Alajuela,Upala,Aguas Claras,49.88259352420569,2017
21303,Alajuela,Upala,San José (Pizote),36.81272396696061,2017
21304,Alajuela,Upala,Bijagua,55.42235226571782,2017
21305,Alajuela,Upala,Delicias,41.99426802558104,2017
21306,Alajuela,Upala,Dos Ríos,46.68773743839639,2017
21307,Alajuela,Upala,Yolillal,42.961437175483184,2017
21308,Alajuela,Upala,Canalete,47.74169073160404,2017
21401,Alajuela,Los Chiles,Los Chiles,45.38568454290803,2017
21402,Alajuela,Los Chiles,Caño Negro,45.4546435570471,2017
21403,Alajuela,Los Chiles,El Amparo,40.71316364794185,2017
21404,Alajuela,Los Chiles,San Jorge,44.52798606920185,2017
21501,Alajuela,Guatuso,San Rafael,45.669884054943424,2017
21502,Alajuela,Guatuso,Buenavista,38.30008549057372,2017
21503,Alajuela,Guatuso,Cote,52.40159574546408,2017
21504,Alajuela,Guatuso,Katira,52.27532473055122,2017
21601 (antes 20306),NA,NA,Río Cuarto,44.75249794721272,2017
30101,Cartago,Cartago,Oriental,86.2328422122773,2017
30102,Cartago,Cartago,Occidental,82.05478218126476,2017
30103,Cartago,Cartago,Carmen,68.36115335633082,2017
30104,Cartago,Cartago,San Nicolás,69.35749905085137,2017
30105,Cartago,Cartago,Aguacaliente (SanFrancisco),68.25018901466086,2017
30106,Cartago,Cartago,Guadalupe (Arenilla),77.56115225238005,2017
30107,Cartago,Cartago,Corralillo,70.94008046286793,2017
30108,Cartago,Cartago,Tierra Blanca,71.86633953713674,2017
30109,Cartago,Cartago,Dulce Nombre,80.42250931709938,2017
30110,Cartago,Cartago,Llano Grande,62.2602285887869,2017
30111,Cartago,Cartago,Quebradilla,62.07674181829087,2017
30201,Cartago,Paraíso,Paraíso,73.86722316032646,2017
30202,Cartago,Paraíso,Santiago,55.23265582333421,2017
30203,Cartago,Paraíso,Orosi,57.438581478077445,2017
30204,Cartago,Paraíso,Cachí,65.52908047911211,2017
30205,Cartago,Paraíso,Llanos de Santa Lucía,64.4313356306672,2017
30301,Cartago,La Unión,Tres Ríos,88.01370229515753,2017
30302,Cartago,La Unión,San Diego,67.28558370343734,2017
30303,Cartago,La Unión,San Juan,96.94202784479072,2017
30304,Cartago,La Unión,San Rafael,67.95261545952258,2017
30305,Cartago,La Unión,Concepción,74.65923044586798,2017
30306,Cartago,La Unión,Dulce Nombre,69.60612465801279,2017
30307,Cartago,La Unión,San Ramón,79.189277913999,2017
30308,Cartago,La Unión,Río Azul,60.03848876300667,2017
30401,Cartago,Jiménez,Juan Viñas,69.42971088691048,2017
30402,Cartago,Jiménez,Tucurrique,57.23145315999286,2017
30403,Cartago,Jiménez,Pejibaye,56.273460837136305,2017
30501,Cartago,Turrialba,Turrialba,71.44153232307197,2017
30502,Cartago,Turrialba,La Suiza,55.39555847323123,2017
30503,Cartago,Turrialba,Peralta,49.10077709694842,2017
30504,Cartago,Turrialba,Santa Cruz,46.86724155903233,2017
30505,Cartago,Turrialba,Santa Teresita,54.17121730314107,2017
30506,Cartago,Turrialba,Pavones,60.39187905119226,2017
30507,Cartago,Turrialba,Tuis,51.392321999073964,2017
30508,Cartago,Turrialba,Tayutic,49.03438358796353,2017
30509,Cartago,Turrialba,Santa Rosa,62.361623964297785,2017
30510,Cartago,Turrialba,Tres Equis,45.58176092322442,2017
30511,Cartago,Turrialba,La Isabel,56.040233845058175,2017
30512,Cartago,Turrialba,Chirripó,0,2017
30601,Cartago,Alvarado,Pacayas,65.73208727346469,2017
30602,Cartago,Alvarado,Cervantes,73.21096369424566,2017
30603,Cartago,Alvarado,Capellades,69.51331996748165,2017
30701,Cartago,Oreamuno,San Rafael,72.70960573083903,2017
30702,Cartago,Oreamuno,Cot,60.170708349485025,2017
30703,Cartago,Oreamuno,Potrero Cerrado,56.25394372145893,2017
30704,Cartago,Oreamuno,Cipreses,57.64994615534952,2017
30705,Cartago,Oreamuno,Santa Rosa,59.571590062566656,2017
30801,Cartago,El Guarco,Tejar,76.15579766884089,2017
30802,Cartago,El Guarco,San Isidro,52.4010831937392,2017
30803,Cartago,El Guarco,Tobosi,69.05703253581582,2017
30804,Cartago,El Guarco,Patio de Agua,51.47189269105758,2017
40101,Heredia,Heredia,Heredia,88.16337484567045,2017
40102,Heredia,Heredia,Mercedes,90.15117660200241,2017
40103,Heredia,Heredia,San Francisco,74.93702544841919,2017
40104,Heredia,Heredia,Ulloa,80.51619586185598,2017
40105,Heredia,Heredia,Vara Blanca,50.43450364761431,2017
40201,Heredia,Barva,Barva,83.66217630313835,2017
40202,Heredia,Barva,San Pedro,70.78655151396113,2017
40203,Heredia,Barva,San Pablo,76.8847251362643,2017
40204,Heredia,Barva,San Roque,82.64617748418915,2017
40205,Heredia,Barva,Santa Lucía,88.07109999633543,2017
40206,Heredia,Barva,San José de la Montaña,70.27259082795213,2017
40301,Heredia,Santo Domingo,Santo Domingo,83.4987587363409,2017
40302,Heredia,Santo Domingo,San Vicente,87.28441510127205,2017
40303,Heredia,Santo Domingo,San Miguel,81.29423255845161,2017
40304,Heredia,Santo Domingo,Paracito,71.26938165795615,2017
40305,Heredia,Santo Domingo,Santo Tomás,88.77802341219588,2017
40306,Heredia,Santo Domingo,Santa Rosa,77.15613319579512,2017
40307,Heredia,Santo Domingo,Tures,70.8231728158669,2017
40308,Heredia,Santo Domingo,Pará,74.76444657977501,2017
40401,Heredia,Santa Bárbara,Santa Bárbara,88.02763711232281,2017
40402,Heredia,Santa Bárbara,San Pedro,75.7267681837621,2017
40403,Heredia,Santa Bárbara,San Juan,81.4502510103895,2017
40404,Heredia,Santa Bárbara,Jesús,74.08384858154562,2017
40405,Heredia,Santa Bárbara,Santo Domingo,69.33039129597397,2017
40406,Heredia,Santa Bárbara,Purabá,73.99891375531192,2017
40501,Heredia,San Rafael,San Rafael,83.20307699805002,2017
40502,Heredia,San Rafael,San Josecito,72.60983566228373,2017
40503,Heredia,San Rafael,Santiago,82.95629505385882,2017
40504,Heredia,San Rafael,Ángeles,81.80887769594936,2017
40505,Heredia,San Rafael,Concepción,78.73085975895222,2017
40601,Heredia,San Isidro,San Isidro,94.1386594393737,2017
40602,Heredia,San Isidro,San José,82.23282669612763,2017
40603,Heredia,San Isidro,Concepción,78.60023162270316,2017
40604,Heredia,San Isidro,San Francisco,77.1393945042793,2017
40701,Heredia,Belén,San Antonio,84.78296503704088,2017
40702,Heredia,Belén,Ribera,84.6104620369456,2017
40703,Heredia,Belén,Asunción,96.94578236290224,2017
40801,Heredia,Flores,San Joaquín,88.69195791394381,2017
40802,Heredia,Flores,Barrantes,92.4620796859705,2017
40803,Heredia,Flores,Llorente,79.5906878901424,2017
40901,Heredia,San Pablo,San Pablo,88.48106927362247,2017
40902,Heredia,San Pablo,Rincón de Sabanilla,86.89077074144397,2017
41001,Heredia,Sarapiquí,Puerto Viejo,36.67161139168848,2017
41002,Heredia,Sarapiquí,La Virgen,47.56555731764419,2017
41003,Heredia,Sarapiquí,Horquetas,50.36786503994571,2017
41004,Heredia,Sarapiquí,Llanuras del Gaspar,19.27134480263579,2017
41005,Heredia,Sarapiquí,Cureña,8.551620881491123,2017
50101,Guanacaste,Liberia,Liberia,68.0593215577172,2017
50102,Guanacaste,Liberia,Cañas Dulces,63.06544856934116,2017
50103,Guanacaste,Liberia,Mayorga,45.07636722974339,2017
50104,Guanacaste,Liberia,Nacascolo,55.09464185844245,2017
50105,Guanacaste,Liberia,Curubandé,55.32527810834781,2017
50201,Guanacaste,Nicoya,Nicoya,63.012004170753286,2017
50202,Guanacaste,Nicoya,Mansión,59.22476468285319,2017
50203,Guanacaste,Nicoya,San Antonio,55.9405108420469,2017
50204,Guanacaste,Nicoya,Quebrada Honda,50.60332084966714,2017
50205,Guanacaste,Nicoya,Sámara,53.804818240993804,2017
50206,Guanacaste,Nicoya,Nosara,68.35922066667727,2017
50207,Guanacaste,Nicoya,Belén de Nosarita,45.92096618878643,2017
50301,Guanacaste,Santa Cruz,Santa Cruz,66.87424613368051,2017
50302,Guanacaste,Santa Cruz,Bolsón,63.84671260882613,2017
50303,Guanacaste,Santa Cruz,Veintisiete de Abril,59.760936624199644,2017
50304,Guanacaste,Santa Cruz,Tempate,67.71339509761593,2017
50305,Guanacaste,Santa Cruz,Cartagena,76.08240647046921,2017
50306,Guanacaste,Santa Cruz,Cuajiniquil,52.216095915187665,2017
50307,Guanacaste,Santa Cruz,Diriá,63.823974107338074,2017
50308,Guanacaste,Santa Cruz,Cabo Velas,63.406967683126084,2017
50309,Guanacaste,Santa Cruz,Tamarindo,71.70045732663743,2017
50401,Guanacaste,Bagaces,Bagaces,58.137120150872576,2017
50402,Guanacaste,Bagaces,Fortuna,56.66045072532676,2017
50403,Guanacaste,Bagaces,Mogote,58.4616792818957,2017
50404,Guanacaste,Bagaces,Río Naranjo,61.374954549651065,2017
50501,Guanacaste,Carrillo,Filadelfia,72.86591455592662,2017
50502,Guanacaste,Carrillo,Palmira,72.80839170851787,2017
50503,Guanacaste,Carrillo,Sardinal,80.6319199422646,2017
50504,Guanacaste,Carrillo,Belén,59.36420063343459,2017
50601,Guanacaste,Cañas,Cañas,64.60028004944576,2017
50602,Guanacaste,Cañas,Palmira,40.13881838224928,2017
50603,Guanacaste,Cañas,San Miguel,46.06331776622653,2017
50604,Guanacaste,Cañas,Bebedero,51.31604247415107,2017
50605,Guanacaste,Cañas,Porozal,27.45667653165998,2017
50701,Guanacaste,Abangares,Juntas,56.39702676370973,2017
50702,Guanacaste,Abangares,Sierra,51.376001515531044,2017
50703,Guanacaste,Abangares,San Juan,57.90952422654723,2017
50704,Guanacaste,Abangares,Colorado,62.728270635120566,2017
50801,Guanacaste,Tilarán,Tilarán,77.27496378976468,2017
50802,Guanacaste,Tilarán,Quebrada Grande,52.744063803978655,2017
50803,Guanacaste,Tilarán,Tronadora,66.1107603695305,2017
50804,Guanacaste,Tilarán,Santa Rosa,58.83428571759162,2017
50805,Guanacaste,Tilarán,Líbano,51.77149013166847,2017
50806,Guanacaste,Tilarán,Tierras Morenas,60.19806074299532,2017
50807,Guanacaste,Tilarán,Arenal,59.91219006965417,2017
50901,Guanacaste,Nandayure,Carmona,72.96495217342697,2017
50902,Guanacaste,Nandayure,Santa Rita,48.405476865958505,2017
50903,Guanacaste,Nandayure,Zapotal,54.549831961560656,2017
50904,Guanacaste,Nandayure,San Pablo,56.94753445158941,2017
50905,Guanacaste,Nandayure,Porvenir,51.01114898046259,2017
50906,Guanacaste,Nandayure,Bejuco,50.036024483896725,2017
51001,Guanacaste,La Cruz,La Cruz,57.38892402495108,2017
51002,Guanacaste,La Cruz,Santa Cecilia,38.713729365454206,2017
51003,Guanacaste,La Cruz,Garita,42.62712386941958,2017
51004,Guanacaste,La Cruz,Santa Elena,54.78765615080242,2017
51101,Guanacaste,Hojancha,Hojancha,69.30346095378084,2017
51102,Guanacaste,Hojancha,Monte Romo,61.15038981073666,2017
51103,Guanacaste,Hojancha,Puerto Carrillo,57.230457545090864,2017
51104,Guanacaste,Hojancha,Huacas,69.36695564523797,2017
51105,Guanacaste,Hojancha,Matambú,57.230457545090864,2017
60101,Puntarenas,Puntarenas,Puntarenas,70.05709345290057,2017
60102,Puntarenas,Puntarenas,Pitahaya,52.78362587698171,2017
60103,Puntarenas,Puntarenas,Chomes,43.60214309134995,2017
60104,Puntarenas,Puntarenas,Lepanto,50.18188344814671,2017
60105,Puntarenas,Puntarenas,Paquera,55.97428245527095,2017
60106,Puntarenas,Puntarenas,Manzanillo,50.849300639346886,2017
60107,Puntarenas,Puntarenas,Guacimal,46.41303367162669,2017
60108,Puntarenas,Puntarenas,Barranca,59.716340361071254,2017
60109,Puntarenas,Puntarenas,Monteverde,65.91815203551901,2017
60111,Puntarenas,Puntarenas,Cóbano,56.25630773444129,2017
60112,Puntarenas,Puntarenas,Chacarita,63.13320232516253,2017
60113,Puntarenas,Puntarenas,Chira,42.19567489955807,2017
60114,Puntarenas,Puntarenas,Acapulco,43.624518661953644,2017
60115,Puntarenas,Puntarenas,El Roble,72.68354421467211,2017
60116,Puntarenas,Puntarenas,Arancibia,47.798524137114846,2017
60201,Puntarenas,Esparza,Espíritu Santo,71.9512461418119,2017
60202,Puntarenas,Esparza,San Juan Grande,57.963681445996244,2017
60203,Puntarenas,Esparza,Macacona,74.92652648179174,2017
60204,Puntarenas,Esparza,San Rafael,62.7693934137119,2017
60205,Puntarenas,Esparza,San Jerónimo,62.02180662908787,2017
60206,Puntarenas,Esparza,Caldera,69.58207549665732,2017
60301,Puntarenas,Buenos Aires,Buenos Aires,49.88284487227697,2017
60302,Puntarenas,Buenos Aires,Volcán,46.309978353523604,2017
60303,Puntarenas,Buenos Aires,Potrero Grande,34.038135972644966,2017
60304,Puntarenas,Buenos Aires,Boruca,37.22121561441157,2017
60305,Puntarenas,Buenos Aires,Pilas,38.42945754328692,2017
60306,Puntarenas,Buenos Aires,Colinas,33.251679455576976,2017
60307,Puntarenas,Buenos Aires,Chánguena,36.028710108775734,2017
60308,Puntarenas,Buenos Aires,Biolley,43.59503474143453,2017
60309,Puntarenas,Buenos Aires,Brunka,50.88799880651207,2017
60401,Puntarenas,Montes de Oro,Miramar,72.22400759070146,2017
60402,Puntarenas,Montes de Oro,Unión,53.83250492909079,2017
60403,Puntarenas,Montes de Oro,San Isidro,65.35030365021129,2017
60501,Puntarenas,Osa,Puerto Cortés,61.25734408413964,2017
60502,Puntarenas,Osa,Palmar,53.17165861920753,2017
60503,Puntarenas,Osa,Sierpe,34.53707299171162,2017
60504,Puntarenas,Osa,Bahía Ballena,50.157036676209366,2017
60505,Puntarenas,Osa,Piedras Blancas,40.707108344360506,2017
60506,Puntarenas,Osa,Bahía Drake,42.6803596132456,2017
60601,Puntarenas,Quepos,Quepos,64.45985171923749,2017
60602,Puntarenas,Quepos,Savegre,51.366389591033666,2017
60603,Puntarenas,Quepos,Naranjito,60.32073090593456,2017
60701,Puntarenas,Golfito,Golfito,53.21039953405505,2017
60702,Puntarenas,Golfito,Puerto Jiménez,43.077926519901446,2017
60703,Puntarenas,Golfito,Guaycará,49.60251927340698,2017
60704,Puntarenas,Golfito,Pavón,32.9106267111346,2017
60801,Puntarenas,Coto Brus,San Vito,61.91180295406091,2017
60802,Puntarenas,Coto Brus,Sabalito,47.794592290256105,2017
60803,Puntarenas,Coto Brus,Aguabuena,52.458542985313336,2017
60804,Puntarenas,Coto Brus,Limoncito,36.30134989384993,2017
60805,Puntarenas,Coto Brus,Pittier,32.487068207026866,2017
60806,Puntarenas,Coto Brus,Gutiérrez Brown,41.609078776404125,2017
60901,Puntarenas,Parrita,Parrita,53.68829027560186,2017
61001,Puntarenas,Corredores,Corredor,49.1281054551929,2017
61002,Puntarenas,Corredores,La Cuesta,52.35137298073366,2017
61003,Puntarenas,Corredores,Canoas,43.96154625263636,2017
61004,Puntarenas,Corredores,Laurel,45.15259375203217,2017
61101,Puntarenas,Garabito,Jacó,70.21950870471825,2017
61102,Puntarenas,Garabito,Tárcoles,56.20763313684578,2017
70101,Limón,Limón,Limón,64.7602048396834,2017
70102,Limón,Limón,Valle La Estrella,28.6737689337265,2017
70103,Limón,Limón,Río Blanco,46.76422170116263,2017
70104,Limón,Limón,Matama,48.918422090868525,2017
70201,Limón,Pococí,Guápiles,67.85960583990472,2017
70202,Limón,Pococí,Jiménez,62.756979139272794,2017
70203,Limón,Pococí,Rita,43.6768601115912,2017
70204,Limón,Pococí,Roxana,44.979432805205015,2017
70205,Limón,Pococí,Cariari,47.921470469937,2017
70206,Limón,Pococí,Colorado,28.875538813180356,2017
70207,Limón,Pococí,Colonia,65.7243235909218,2017
70301,Limón,Siquirres,Siquirres,53.23365570613,2017
70302,Limón,Siquirres,Pacuarito,40.1628876359073,2017
70303,Limón,Siquirres,Florida,49.77941042044513,2017
70304,Limón,Siquirres,Germania,46.158839195982196,2017
70305,Limón,Siquirres,Cairo,39.481780908611526,2017
70306,Limón,Siquirres,Alegría,55.044484592417064,2017
70401,Limón,Talamanca,Bratsi,34.795574750998256,2017
70402,Limón,Talamanca,Sixaola,35.39658604823982,2017
70403,Limón,Talamanca,Cahuita,46.173702619151726,2017
70404,Limón,Talamanca,Telire,16.16207862811166,2017
70501,Limón,Matina,Matina,45.7360128413495,2017
70502,Limón,Matina,Batán,50.725347463711515,2017
70503,Limón,Matina,Carrandi,46.83797847434047,2017
70601,Limón,Guácimo,Guácimo,55.456778769564686,2017
70602,Limón,Guácimo,Mercedes,56.801297896402694,2017
40703,Heredia,Belén,La Asunción,100,2023
10201,San José,Escazú,Escazú,97.63696558568084,2023
10901,San José,Santa Ana,Santa Ana,97.3662748999471,2023
11803,San José,Curridabat,Sánchez,95.72687060678486,2023
40801,Heredia,Flores,San Joaquín,94.19234044940235,2023
40802,Heredia,Flores,Barrantes,94.03343841733589,2023
40201,Heredia,Barva,Barva,93.47463426515115,2023
40301,Heredia,Santo Domingo,Santo Domingo,93.07334680238606,2023
30303,Cartago,La Unión,San Juan,92.2761728244485,2023
20501,Alajuela,Atenas,Atenas,91.93620727208808,2023
30301,Cartago,La Unión,Tres Ríos,91.86477628414441,2023
10203,San José,Escazú,San Rafael,91.86021154582703,2023
20701,Alajuela,Palmares,Palmares,91.5815991878624,2023
10903,San José,Santa Ana,Pozos,91.55826898014371,2023
40302,Heredia,Santo Domingo,San Vicente,91.11351458629889,2023
40601,Heredia,San Isidro,San Isidro,90.42729695871697,2023
40102,Heredia,Heredia,Mercedes,90.02286988374681,2023
30101,Cartago,Cartago,Oriental,89.86620262570986,2023
40501,Heredia,San Rafael,San Rafael,89.03548172631315,2023
40702,Heredia,Belén,La Ribera,88.67825792761012,2023
40204,Heredia,Barva,San Roque,88.38344169100861,2023
40205,Heredia,Barva,Santa Lucía,88.18027299087072,2023
40505,Heredia,San Rafael,Concepción,88.08952881274715,2023
10906,San José,Santa Ana,Brasil,88.01815602879539,2023
11502,San José,Montes de Oca,Sabanilla,87.37739771360937,2023
10904,San José,Santa Ana,Uruca,87.3546954858285,2023
40304,Heredia,Santo Domingo,Paracito,86.9147340511202,2023
10905,San José,Santa Ana,Piedades,86.80698654798037,2023
30109,Cartago,Cartago,Dulce Nombre,86.7892045544905,2023
11401,San José,Moravia,San Vicente,86.76918853822838,2023
40901,Heredia,San Pablo,San Pablo,86.76072566274412,2023
30102,Cartago,Cartago,Occidental,86.60355031207115,2023
40305,Heredia,Santo Domingo,Santo Tomás,86.35879247958464,2023
21101,Alajuela,Zarcero,Zarcero,86.27814918180141,2023
40504,Heredia,San Rafael,Ángeles,86.23915972496253,2023
10701,San José,Mora,Colón,86.03243823889368,2023
10312,San José,Desamparados,Gravilias,86.01946959197078,2023
20801,Alajuela,Poás,San Pedro,85.79472544408236,2023
11102,San José,Vázquez de Coronado,San Rafael,85.76526958928757,2023
40101,Heredia,Heredia,Heredia,85.68638895668887,2023
20503,Alajuela,Atenas,Mercedes,85.13183409674483,2023
40602,Heredia,San Isidro,San José,85.1019286141744,2023
10108,San José,San José,Mata Redonda,85.08978172160027,2023
10305,San José,Desamparados,San Antonio,84.81092955663365,2023
40902,Heredia,San Pablo,Rincón de Sabanilla,84.71868888652993,2023
30701,Cartago,Oreamuno,San Rafael,84.66363344272939,2023
20505,Alajuela,Atenas,Concepción,84.6256208103316,2023
11802,San José,Curridabat,Granadilla,84.50403390781375,2023
10804,San José,Goicoechea,Mata de Plátano,84.40083899762523,2023
20703,Alajuela,Palmares,Buenos Aires,84.29031521699909,2023
40603,Heredia,San Isidro,Concepción,84.21490521542263,2023
10202,San José,Escazú,San Antonio,84.21434846973723,2023
40701,Heredia,Belén,San Antonio,84.14557610682039,2023
40303,Heredia,Santo Domingo,San Miguel,84.14122202955167,2023
40308,Heredia,Santo Domingo,Pará,84.12881579166164,2023
40803,Heredia,Flores,Llorente,83.94061533366859,2023
30201,Cartago,Paraíso,Paraíso,83.89285949207084,2023
30801,Cartago,El Guarco,El Tejar,83.58563643794888,2023
40604,Heredia,San Isidro,San Francisco,83.56515760475666,2023
20301,Alajuela,Grecia,Grecia,83.47206599587517,2023
11301,San José,Tibás,San Juan,83.39477751565764,2023
10802,San José,Goicoechea,San Francisco,83.37066509415008,2023
11801,San José,Curridabat,Curridabat,83.34653034496657,2023
20201,Alajuela,San Ramón,San Ramón,83.28468088950733,2023
30108,Cartago,Cartago,Tierra Blanca,83.09767267523529,2023
11101,San José,Vázquez de Coronado,San Isidro,83.02865729015245,2023
30307,Cartago,La Unión,San Ramón,82.9148803145635,2023
20702,Alajuela,Palmares,Zaragoza,82.58970953625119,2023
11303,San José,Tibás,Anselmo Llorente,82.58319716338133,2023
40403,Heredia,Santa Bárbara,San Juan,82.43424509321976,2023
11104,San José,Vázquez de Coronado,Patalillo,82.25476845472981,2023
11501,San José,Montes de Oca,San Pedro,81.98602009012008,2023
10801,San José,Goicoechea,Guadalupe,81.9652782400157,2023
40104,Heredia,Heredia,Ulloa,81.95130017832807,2023
40503,Heredia,San Rafael,Santiago,81.77278745119825,2023
30305,Cartago,La Unión,Concepción,81.38970326301929,2023
10310,San José,Desamparados,Damas,81.19995691785311,2023
11001,San José,Alajuelita,Alajuelita,81.1530478414011,2023
40401,Heredia,Santa Bárbara,Santa Bárbara,80.8447842946569,2023
40203,Heredia,Barva,San Pablo,80.70707589454594,2023
11504,San José,Montes de Oca,San Rafael,80.68955690460956,2023
10106,San José,San José,San Francisco de Dos Ríos,80.64263000459063,2023
20507,Alajuela,Atenas,Santa Eulalia,80.57656415453384,2023
11602,San José,Turrubares,San Pedro,80.40817675703232,2023
20101,Alajuela,Alajuela,Alajuela,80.18813784047974,2023
60203,Puntarenas,Esparza,Macacona,80.13590329909553,2023
10101,San José,San José,Carmen,79.96538726743444,2023
11201,San José,Acosta,San Ignacio,79.85040398979896,2023
10301,San José,Desamparados,Desamparados,79.78647970587127,2023
11103,San José,Vázquez de Coronado,Dulce Nombre de Jesús,79.61076402792946,2023
20803,Alajuela,Poás,San Rafael,79.5126565279962,2023
40502,Heredia,San Rafael,San Josecito,79.38181395726748,2023
11403,San José,Moravia,La Trinidad,79.09644256093947,2023
11402,San José,Moravia,San Jerónimo,79.06652820702342,2023
40306,Heredia,Santo Domingo,Santa Rosa,78.75332262880926,2023
20706,Alajuela,Palmares,Esquipulas,78.72670385612459,2023
10803,San José,Goicoechea,Calle Blancos,78.71475801217423,2023
10105,San José,San José,Zapote,78.67181292256247,2023
20502,Alajuela,Atenas,Jesús,78.46026761925273,2023
10401,San José,Puriscal,Santiago,78.45201162140727,2023
10601,San José,Aserrí,Aserrí,78.29711698344488,2023
40206,Heredia,Barva,San José de la Montaña,78.08715112262362,2023
30104,Cartago,Cartago,San Nicolás,78.01895857295865,2023
40307,Heredia,Santo Domingo,Tures,77.76843089100973,2023
10702,San José,Mora,Guayabo,77.67664156266285,2023
40103,Heredia,Heredia,San Francisco,77.51763240514352,2023
30105,Cartago,Cartago,Aguacaliente o San Francisco,77.47465707567916,2023
40406,Heredia,Santa Bárbara,Purabá,77.44602827228512,2023
20601,Alajuela,Naranjo,Naranjo,77.41527656785193,2023
10311,San José,Desamparados,San Rafael Abajo,77.39773659071723,2023
10407,San José,Puriscal,Desamparaditos,77.37508287421394,2023
20707,Alajuela,Palmares,La Granja,77.3274509803405,2023
30306,Cartago,La Unión,Dulce Nombre,77.30174090547716,2023
10403,San José,Puriscal,Barbacoas,77.12633677944238,2023
30603,Cartago,Alvarado,Capellades,77.08472601755949,2023
10805,San José,Goicoechea,Ipís,77.07039332994417,2023
40202,Heredia,Barva,San Pedro,76.98708841628745,2023
30106,Cartago,Cartago,Guadalupe o Arenilla,76.95693114174776,2023
11002,San José,Alajuelita,San Josecito,76.93828383921024,2023
30103,Cartago,Cartago,Carmen,76.7991320799202,2023
50503,Guanacaste,Carrillo,Sardinal,76.78301206590999,2023
10304,San José,Desamparados,San Rafael Arriba,76.7736232315776,2023
10902,San José,Santa Ana,Salitral,76.69918600254425,2023
20105,Alajuela,Alajuela,Guácima,76.22918564618712,2023
11305,San José,Tibás,Colima,76.16203612149167,2023
10110,San José,San José,Hatillo,76.01069588453508,2023
20113,Alajuela,Alajuela,Garita,75.96702315423215,2023
20304,Alajuela,Grecia,San Roque,75.95469090336606,2023
21107,Alajuela,Zarcero,Brisas,75.79006707528474,2023
20901,Alajuela,Orotina,Orotina,75.7452520821835,2023
30204,Cartago,Paraíso,Cachí,75.53899429319328,2023
50901,Guanacaste,Nandayure,Carmona,75.51737771771698,2023
30304,Cartago,La Unión,San Rafael,75.42337645560818,2023
40404,Heredia,Santa Bárbara,Jesús,75.39291858799069,2023
30702,Cartago,Oreamuno,Cot,75.29054409670745,2023
30205,Cartago,Paraíso,Llanos de Santa Lucía,75.21008888579571,2023
20802,Alajuela,Poás,San Juan,75.16679767077103,2023
30111,Cartago,Cartago,Quebradilla,75.10919285846796,2023
21001,Alajuela,San Carlos,Quesada,75.05237722767332,2023
50502,Guanacaste,Carrillo,Palmira,75.03397909885278,2023
20308,Alajuela,Grecia,Bolivar,74.9942995251591,2023
40405,Heredia,Santa Bárbara,Santo Domingo,74.91292171140624,2023
11503,San José,Montes de Oca,Mercedes,74.90436423205882,2023
21201,Alajuela,Sarchí,Sarchí Norte,74.90355426753891,2023
30803,Cartago,El Guarco,Tobosi,74.87793105820118,2023
30107,Cartago,Cartago,Corralillo,74.86905514882721,2023
30705,Cartago,Oreamuno,Santa Rosa,74.79855077382149,2023
30601,Cartago,Alvarado,Pacayas,74.79123484387817,2023
21105,Alajuela,Zarcero,Palmira,74.7444242754157,2023
20111,Alajuela,Alajuela,Turrúcares,74.58459448540316,2023
20104,Alajuela,Alajuela,San Antonio,74.5841768437836,2023
20302,Alajuela,Grecia,San Isidro,74.52094473376569,2023
50309,Guanacaste,Santa Cruz,Tamarindo,74.36456232710937,2023
10307,San José,Desamparados,Patarrá,74.3165305028348,2023
10408,San José,Puriscal,San Antonio,74.2171457979943,2023
30302,Cartago,La Unión,San Diego,74.17525906027663,2023
20307,Alajuela,Grecia,Puente de Piedra,74.08287821021058,2023
10102,San José,San José,Merced,74.04797753719185,2023
50301,Guanacaste,Santa Cruz,Santa Cruz,74.04353442543722,2023
20606,Alajuela,Naranjo,San Juan,73.97110651084438,2023
50801,Guanacaste,Tilarán,Tilarán,73.8700294172085,2023
70201,Limón,Pococí,Guápiles,73.78619456358594,2023
10111,San José,San José,San Sebastián,73.75322336291264,2023
10806,San José,Goicoechea,Rancho Redondo,73.66630955028367,2023
50305,Guanacaste,Santa Cruz,Cartagena,73.59567359663862,2023
20204,Alajuela,San Ramón,Piedades Norte,73.4450561037708,2023
50104,Guanacaste,Liberia,Nacascolo,73.38096394416944,2023
10302,San José,Desamparados,San Miguel,73.35568458395879,2023
20303,Alajuela,Grecia,San José,72.83453152373696,2023
40402,Heredia,Santa Bárbara,San Pedro,72.80629150573438,2023
50102,Guanacaste,Liberia,Cañas Dulces,72.77844924205256,2023
30602,Cartago,Alvarado,Cervantes,72.56501363748568,2023
20506,Alajuela,Atenas,San José,72.5323999491938,2023
21205,Alajuela,Sarchí,Rodríguez,72.42749730490976,2023
60201,Puntarenas,Esparza,Espíritu Santo,72.32696435936516,2023
50101,Guanacaste,Liberia,Liberia,72.24653754776585,2023
20211,Alajuela,San Ramón,Concepción,72.24317924086554,2023
21102,Alajuela,Zarcero,Laguna,72.15871344220548,2023
20206,Alajuela,San Ramón,San Rafael,71.92585858929792,2023
11105,San José,Vázquez de Coronado,Cascajal,71.86694593786584,2023
10109,San José,San José,Pavas,71.67813877969473,2023
50304,Guanacaste,Santa Cruz,Tempate,71.59206279630305,2023
11804,San José,Curridabat,Tirrases,71.32245878188616,2023
30501,Cartago,Turrialba,Turrialba,71.31178196275222,2023
21204,Alajuela,Sarchí,San Pedro,71.11714151168243,2023
70207,Limón,Pococí,La Colonia,71.0927576363042,2023
60401,Puntarenas,Montes de Oro,Miramar,70.96819183279031,2023
20209,Alajuela,San Ramón,Alfaro,70.96792040269348,2023
20102,Alajuela,Alajuela,San José,70.91730481646057,2023
30401,Cartago,Jiménez,Juan Viñas,70.88803950664862,2023
10303,San José,Desamparados,San Juan de Dios,70.78820517144406,2023
10104,San José,San José,Catedral,70.71951007140316,2023
21103,Alajuela,Zarcero,Tapesco,70.694363709560193,2023
11003,San José,Alajuelita,San Antonio,70.66323358934892,2023
20112,Alajuela,Alajuela,Tambor,70.65202502959515,2023
20403,Alajuela,San Mateo,Jesús María,70.23676830636026,2023
20401,Alajuela,San Mateo,San Mateo,70.14414988709731,2023
21202,Alajuela,Sarchí,Sarchí Sur,70.13992275624045,2023
70202,Limón,Pococí,Jiménez,70.10607752380244,2023
11302,San José,Tibás,Cinco Esquinas,69.98302891312669,2023
11903,San José,Pérez Zeledón,Daniel Flores,69.96600089296027,2023
20804,Alajuela,Poás,Carrillos,69.85470753355953,2023
20109,Alajuela,Alajuela,Río Segundo,69.82624163353665,2023
20103,Alajuela,Alajuela,Carrizal,69.74951169500471,2023
20608,Alajuela,Naranjo,Palmitos,69.6146666158086,2023
20605,Alajuela,Naranjo,San Jerónimo,69.50172768788029,2023
11701,San José,Dota,Santa María,69.49496818844833,2023
11901,San José,Pérez Zeledón,San Isidro de El General,69.46721552196135,2023
11004,San José,Alajuelita,Concepción,69.2039296515291,2023
11005,San José,Alajuelita,San Felipe,69.10140980684349,2023
60101,Puntarenas,Puntarenas,Puntarenas,69.04956004058036,2023
20203,Alajuela,San Ramón,San Juan,69.03445471890412,2023
30203,Cartago,Paraíso,Orosi,68.93337589547126,2023
61101,Puntarenas,Garabito,Jacó,68.83738926731003,2023
10404,San José,Puriscal,Grifo Alto,68.78913096585184,2023
20110,Alajuela,Alajuela,Desamparados,68.6512173385423,2023
50501,Guanacaste,Carrillo,Filadelfia,68.63495984497047,2023
60115,Puntarenas,Puntarenas,El Roble,68.57809042440927,2023
21009,Alajuela,San Carlos,La Palmera,68.4564776292108,2023
30703,Cartago,Oreamuno,Potrero Cerrado,68.30404350296322,2023
20604,Alajuela,Naranjo,Cirrí Sur,68.2765314494671,2023
20607,Alajuela,Naranjo,El Rosario,68.23490154395799,2023
10602,San José,Aserrí,Tarbaca,68.23478098602271,2023
10308,San José,Desamparados,San Cristobal,68.16645450727502,2023
30110,Cartago,Cartago,Llano Grande,68.11738060349676,2023
60403,Puntarenas,Montes de Oro,San Isidro,68.03690097184288,2023
30704,Cartago,Oreamuno,Cipreses,67.74569453301572,2023
20108,Alajuela,Alajuela,San Rafael,67.69241732254014,2023
30802,Cartago,El Guarco,San Isidro,67.538827354533,2023
51101,Guanacaste,Hojancha,Hojancha,67.50101528249658,2023
50308,Guanacaste,Santa Cruz,Cabo Velas,67.43639488631848,2023
10807,San José,Goicoechea,Purral,67.41465943165181,2023
20603,Alajuela,Naranjo,San José,67.24761965665404,2023
20704,Alajuela,Palmares,Santiago,67.17024282242748,2023
21106,Alajuela,Zarcero,Zapote,67.16264547058131,2023
10306,San José,Desamparados,Frailes,67.08597771698618,2023
30202,Cartago,Paraíso,Santiago,67.0803131168114,2023
20106,Alajuela,Alajuela,San Isidro,67.05770385910752,2023
50202,Guanacaste,Nicoya,Mansión,67.04474574780289,2023
20305,Alajuela,Grecia,Tacares,66.98313536526375,2023
10501,San José,Tarrazú,San Marcos,66.83761740567114,2023
21005,Alajuela,San Carlos,Venecia,66.7735266097209,2023
20902,Alajuela,Orotina,El Mastate,66.65955385785547,2023
51105,Guanacaste,Hojancha,Matambú,66.54061464922873,2023
60801,Puntarenas,Coto Brus,San Vito,66.53180576552153,2023
70101,Limón,Limón,Limón,66.51508614970726,2023
20602,Alajuela,Naranjo,San Miguel,66.4582033757034,2023
60112,Puntarenas,Puntarenas,Chacarita,66.40674933989038,2023
10313,San José,Desamparados,Los Guido,66.38227379780442,2023
10603,San José,Aserrí,Vuelta de Jorco,66.04552543566255,2023
20404,Alajuela,San Mateo,Labrador,66.03540476213736,2023
10406,San José,Puriscal,Candelarita,65.91973935402406,2023
61201,NA,NA,Monteverde,65.89594278506875,2023
20504,Alajuela,Atenas,San Isidro,65.7752671758922,2023
10103,San José,San José,Hospital,65.76840955100658,2023
12001,San José,León Cortés Castro,San Pablo,65.62257329329589,2023
10707,San José,Mora,Quitirrisí,65.56087109567693,2023
10107,San José,San José,Uruca,65.50576233470007,2023
11203,San José,Acosta,Palmichal,65.45385734679988,2023
20207,Alajuela,San Ramón,San Isidro,65.45261254175242,2023
11601,San José,Turrubares,San Pablo,65.38667580389624,2023
30404,NA,NA,La Victoria,65.10991435361247,2023
20208,Alajuela,San Ramón,Ángeles,64.94640004357771,2023
10607,San José,Aserrí,Salitrillos,64.90008701705194,2023
50803,Guanacaste,Tilarán,Tronadora,64.89675677185264,2023
10706,San José,Mora,Jaris,64.87727461902156,2023
60601,Puntarenas,Quepos,Quepos,64.61575162971097,2023
20805,Alajuela,Poás,Sabana Redonda,64.48132716885297,2023
20903,Alajuela,Orotina,Hacienda Vieja,64.36091564760832,2023
60504,Puntarenas,Osa,Bahía Ballena,64.31193725759952,2023
21003,Alajuela,San Carlos,Buenavista,64.28841028965314,2023
20210,Alajuela,San Ramón,Volio,64.25684090728457,2023
50201,Guanacaste,Nicoya,Nicoya,64.22520341584601,2023
20107,Alajuela,Alajuela,Sabanilla,64.03081865994781,2023
60108,Puntarenas,Puntarenas,Barranca,63.93871282447322,2023
50402,Guanacaste,Bagaces,La Fortuna,63.82084017128453,2023
10604,San José,Aserrí,San Gabriel,63.603078970971154,2023
21004,Alajuela,San Carlos,Aguas Zarcas,63.45293404387558,2023
30308,Cartago,La Unión,Río Azul,63.42821266325295,2023
50601,Guanacaste,Cañas,Cañas,63.29349896605356,2023
50504,Guanacaste,Carrillo,Belén,63.25872309730782,2023
50206,Guanacaste,Nicoya,Nosara,63.154789305423066,2023
20202,Alajuela,San Ramón,Santiago,63.12951434137943,2023
20114,Alajuela,Alajuela,Sarapiquí,63.106574342035934,2023
10405,San José,Puriscal,San Rafael,63.095181221914764,2023
50604,Guanacaste,Cañas,Bebedero,63.064421937401555,2023
50105,Guanacaste,Liberia,Curubandé,62.85271281854407,2023
60206,Puntarenas,Esparza,Caldera,62.791039958234464,2023
11902,San José,Pérez Zeledón,El General,62.78820103868046,2023
11202,San José,Acosta,Guaitil,62.78603396341657,2023
21104,Alajuela,Zarcero,Guadalupe,62.382071660405444,2023
10703,San José,Mora,Tabarcia,62.32977468196918,2023
20705,Alajuela,Palmares,Candelaria,62.115714753364315,2023
30403,Cartago,Jiménez,Pejibaye,61.943178918848076,2023
10309,San José,Desamparados,Rosario,61.89023052895449,2023
20402,Alajuela,San Mateo,Desmonte,61.86598489286769,2023
70301,Limón,Siquirres,Siquirres,61.673325513552655,2023
60501,Puntarenas,Osa,Puerto Cortés,61.54998223580779,2023
60204,Puntarenas,Esparza,San Rafael,61.36076656145598,2023
10402,San José,Puriscal,Mercedes Sur,61.30120321197771,2023
21008,Alajuela,San Carlos,La Tigra,61.08538123553015,2023
21007,Alajuela,San Carlos,La Fortuna,60.72397904341825,2023
11703,San José,Dota,Copey,60.704450171457644,2023
50307,Guanacaste,Santa Cruz,Diriá,60.629083893610975,2023
50804,Guanacaste,Tilarán,Santa Rosa,60.48491339524087,2023
21002,Alajuela,San Carlos,Florencia,60.11945438594855,2023
20508,Alajuela,Atenas,Escobal,60.083240881241075,2023
70602,Limón,Guácimo,Mercedes,59.981196934254385,2023
12006,San José,León Cortés Castro,San Antonio,59.82065162157282,2023
50302,Guanacaste,Santa Cruz,Bolsón,59.75737889800375,2023
20205,Alajuela,San Ramón,Piedades Sur,59.48052936339878,2023
20214,Alajuela,San Ramón,San Lorenzo,59.40171939445345,2023
60205,Puntarenas,Esparza,San Jerónimo,59.18498097466749,2023
50401,Guanacaste,Bagaces,Bagaces,59.180320786740054,2023
70306,Limón,Siquirres,Alegría,58.665922880167464,2023
21601,Alajuela,Río Cuarto,Río Cuarto,58.07397697453621,2023
60202,Puntarenas,Esparza,San Juan Grande,57.8698477817846,2023
30206,NA,NA,Birrisito,57.66588886517455,2023
51104,Guanacaste,Hojancha,Huacas,57.65406148812959,2023
70205,Limón,Pococí,Cariari,57.512591932227814,2023
30402,Cartago,Jiménez,Tucurrique,57.21238266024535,2023
11904,San José,Pérez Zeledón,Rivas,57.19260703186082,2023
11906,San José,Pérez Zeledón,Platanares,57.064205480971125,2023
50103,Guanacaste,Liberia,Mayorga,56.8836258950289,2023
30511,Cartago,Turrialba,La Isabel,56.7906735957222,2023
60111,Puntarenas,Puntarenas,Cóbano,56.69191888736105,2023
30506,Cartago,Turrialba,Pavones,56.49008507312358,2023
50303,Guanacaste,Santa Cruz,Veintisiete de Abril,56.343255528039165,2023
11304,San José,Tibás,León XIII,56.289293035176826,2023
21006,Alajuela,San Carlos,Pital,56.191358887768,2023
50902,Guanacaste,Nandayure,Santa Rita,56.180280277412,2023
20213,Alajuela,San Ramón,Peñas Blancas,56.14682369964735,2023
60102,Puntarenas,Puntarenas,Pitahaya,56.09906794880047,2023
30509,Cartago,Turrialba,Santa Rosa,56.01097062249774,2023
20905,Alajuela,Orotina,La Ceiba,55.760110221445444,2023
12005,San José,León Cortés Castro,Santa Cruz,55.5329035374719,2023
70601,Limón,Guácimo,Guácimo,55.52414042293272,2023
61102,Puntarenas,Garabito,Tárcoles,55.46056881239759,2023
30804,Cartago,El Guarco,Patio de Agua,55.44056475996197,2023
21012,Alajuela,San Carlos,Monterrey,55.273450794912556,2023
60803,Puntarenas,Coto Brus,Aguabuena,55.18072838781763,2023
30504,Cartago,Turrialba,Santa Cruz,55.13126614494966,2023
30502,Cartago,Turrialba,La Suiza,55.01359259834623,2023
61002,Puntarenas,Corredores,La Cuesta,54.959120109143264,2023
50807,Guanacaste,Tilarán,Arenal,54.71269936094221,2023
10705,San José,Mora,Picagres,54.57522336431946,2023
50205,Guanacaste,Nicoya,Sámara,54.46100238104873,2023
30507,Cartago,Turrialba,Tuis,54.43040571078405,2023
50805,Guanacaste,Tilarán,Líbano,54.2654581169768,2023
50704,Guanacaste,Abangares,Colorado,53.90113102649597,2023
50404,Guanacaste,Bagaces,Río Naranjo,53.87767955689627,2023
50403,Guanacaste,Bagaces,Mogote,53.8429616650559,2023
51001,Guanacaste,La Cruz,La Cruz,53.72496175869893,2023
50905,Guanacaste,Nandayure,Porvenir,53.49441497609279,2023
70603,Limón,Guácimo,Pocora,53.464226482979626,2023
21010,Alajuela,San Carlos,Venado,53.4100701688395,2023
12004,San José,León Cortés Castro,San Isidro,53.40622932112338,2023
60901,Puntarenas,Parrita,Parrita,53.35002571827405,2023
10503,San José,Tarrazú,San Carlos,53.247720911754776,2023
70204,Limón,Pococí,Roxana,53.16810144698268,2023
50904,Guanacaste,Nandayure,San Pablo,52.604385521109414,2023
60105,Puntarenas,Puntarenas,Paquera,52.57343985670281,2023
60701,Puntarenas,Golfito,Golfito,52.55468702850462,2023
70303,Limón,Siquirres,Florida,52.51309350362701,2023
50701,Guanacaste,Abangares,Las Juntas,52.481374760609555,2023
60104,Puntarenas,Puntarenas,Lepanto,52.328518457953884,2023
41003,Heredia,Sarapiquí,Las Horquetas,52.31587179698652,2023
50203,Guanacaste,Nicoya,San Antonio,52.04278044787878,2023
21602,Alajuela,Río Cuarto,Santa Rita,52.03178465859621,2023
50806,Guanacaste,Tilarán,Tierras Morenas,51.354086235344106,2023
70104,Limón,Limón,Matama,51.20303446681674,2023
11603,San José,Turrubares,San Juan de Mata,51.16319806480373,2023
70604,Limón,Guácimo,Río Jiménez,51.0520770747965,2023
51102,Guanacaste,Hojancha,Monte Romo,51.00872202195305,2023
40105,Heredia,Heredia,Varablanca,50.99134716859125,2023
21301,Alajuela,Upala,Upala,50.9834669042565,2023
60603,Puntarenas,Quepos,Naranjito,50.94477208477173,2023
60703,Puntarenas,Golfito,Guaycará,50.93429673357849,2023
11909,San José,Pérez Zeledón,Barú,50.891257326615474,2023
61001,Puntarenas,Corredores,Corredor,50.846470402785016,2023
50802,Guanacaste,Tilarán,Quebrada Grande,50.574192550856075,2023
51103,Guanacaste,Hojancha,Puerto Carrillo,50.532890277088896,2023
30508,Cartago,Turrialba,Tayutic,50.41367651918967,2023
70403,Limón,Talamanca,Cahuita,50.36430653733334,2023
50906,Guanacaste,Nandayure,Bejuco,50.336409867318125,2023
11911,San José,Pérez Zeledón,Páramo,50.30760840529628,2023
60602,Puntarenas,Quepos,Savegre,50.25639047996402,2023
61003,Puntarenas,Corredores,Canoas,49.744549997342986,2023
70203,Limón,Pococí,Rita,49.66987916457927,2023
50306,Guanacaste,Santa Cruz,Cuajiniquil,49.6488359201215,2023
11905,San José,Pérez Zeledón,San Pedro,49.60381841031759,2023
10606,San José,Aserrí,Monterrey,49.516316859664855,2023
21203,Alajuela,Sarchí,Toro Amarillo,49.02635014607741,2023
12002,San José,León Cortés Castro,San Andrés,48.809139967778336,2023
50605,Guanacaste,Cañas,Porozal,48.659464706905815,2023
11908,San José,Pérez Zeledón,Cajón,48.542513102913205,2023
20904,Alajuela,Orotina,Coyolar,48.52073576422575,2023
10605,San José,Aserrí,Legua,48.38515051511269,2023
21304,Alajuela,Upala,Bijagua,48.34832887582271,2023
60402,Puntarenas,Montes de Oro,La Unión,48.30858207799125,2023
60309,Puntarenas,Buenos Aires,Brunka,48.22912932755106,2023
60502,Puntarenas,Osa,Palmar,48.046961745484644,2023
61103,NA,NA,Lagunillas,47.918485266333484,2023
41002,Heredia,Sarapiquí,La Virgen,47.901773284898006,2023
51004,Guanacaste,La Cruz,Santa Elena,47.81501017170526,2023
21504,Alajuela,Guatuso,Katira,47.514788130279754,2023
12003,San José,León Cortés Castro,Llano Bonito,47.28092976996948,2023
50204,Guanacaste,Nicoya,Quebrada Honda,47.19785632897075,2023
70502,Limón,Matina,Batán,47.153088203706766,2023
60802,Puntarenas,Coto Brus,Sabalito,47.116402724909634,2023
10502,San José,Tarrazú,San Lorenzo,47.082639400865524,2023
11910,San José,Pérez Zeledón,Río Nuevo,46.9102625207981,2023
60114,Puntarenas,Puntarenas,Acapulco,46.87160151856346,2023
60301,Puntarenas,Buenos Aires,Buenos Aires,46.739380876999014,2023
70305,Limón,Siquirres,El Cairo,46.562395061901434,2023
11604,San José,Turrubares,San Luis,46.31511686229366,2023
50602,Guanacaste,Cañas,Palmira,46.04857419476669,2023
60106,Puntarenas,Puntarenas,Manzanillo,45.98542861345624,2023
30505,Cartago,Turrialba,Santa Teresita,45.92284918250953,2023
50702,Guanacaste,Abangares,Sierra,45.760453416035816,2023
61004,Puntarenas,Corredores,Laurel,45.739588115486015,2023
11907,San José,Pérez Zeledón,Pejibaye,45.71992880435439,2023
11912,San José,Pérez Zeledón,La  Amistad,45.52709987024221,2023
10704,San José,Mora,Piedras Negras,45.45593461355765,2023
50603,Guanacaste,Cañas,San Miguel,45.439309939323415,2023
21302,Alajuela,Upala,Aguas Claras,45.204019639608106,2023
70304,Limón,Siquirres,Germania,45.12488756970638,2023
21402,Alajuela,Los Chiles,Caño Negro,44.021507007682615,2023
50207,Guanacaste,Nicoya,Belén de Nosarita,43.96716984258714,2023
21011,Alajuela,San Carlos,Cutris,43.923229134033555,2023
21013,Alajuela,San Carlos,Pocosol,43.66609932441741,2023
21308,Alajuela,Upala,Canalete,43.562080384056635,2023
11702,San José,Dota,Jardín,43.216263164294126,2023
70605,Limón,Guácimo,Duacarí,42.90338871117868,2023
50703,Guanacaste,Abangares,San Juan,42.763234091915415,2023
60506,Puntarenas,Osa,Bahía Drake,42.73412079830169,2023
11605,San José,Turrubares,Carara,42.64935070445697,2023
21603,Alajuela,Río Cuarto,Santa Isabel,42.148875265350455,2023
50903,Guanacaste,Nandayure,Zapotal,42.10308881029558,2023
60113,Puntarenas,Puntarenas,Chira,41.99458897917745,2023
21305,Alajuela,Upala,Delicias,41.84241138923933,2023
11204,San José,Acosta,Cangrejal,41.82108108216655,2023
20212,Alajuela,San Ramón,Zapotal,41.267589318304005,2023
70103,Limón,Limón,Río Blanco,41.139070388594654,2023
60302,Puntarenas,Buenos Aires,Volcán,41.13086989665766,2023
10409,San José,Puriscal,Chires,40.667997425626886,2023
21501,Alajuela,Guatuso,San Rafael,40.32563062294514,2023
70501,Limón,Matina,Matina,40.192465259832176,2023
61301,NA,NA,Puerto Jiménez,39.6278468135054,2023
60116,Puntarenas,Puntarenas,Arancibia,39.391171978456065,2023
30510,Cartago,Turrialba,Tres Equis,39.33525977978708,2023
70503,Limón,Matina,Carrandí,38.93852846653877,2023
60806,Puntarenas,Coto Brus,Gutiérrez Braun,38.91287719032285,2023
11205,San José,Acosta,Sabanillas,38.637236975706756,2023
70302,Limón,Siquirres,Pacuarito,38.3703845884407,2023
51003,Guanacaste,La Cruz,La Garita,38.28240252336931,2023
60103,Puntarenas,Puntarenas,Chomes,38.23072094429758,2023
21401,Alajuela,Los Chiles,Los Chiles,38.08972110262517,2023
21307,Alajuela,Upala,Yolillal,37.876720660183835,2023
21403,Alajuela,Los Chiles,El Amparo,37.850340575702425,2023
41001,Heredia,Sarapiquí,Puerto Viejo,37.06698895915596,2023
50808,NA,NA,Cabeceras,36.776395254335554,2023
70402,Limón,Talamanca,Sixaola,36.54917851222609,2023
21503,Alajuela,Guatuso,Cote,36.38699349991696,2023
30503,Cartago,Turrialba,Peralta,35.442959392539734,2023
70206,Limón,Pococí,Colorado,34.98041982741355,2023
60805,Puntarenas,Coto Brus,Pittier,34.71470184630865,2023
60107,Puntarenas,Puntarenas,Guacimal,34.23767799629973,2023
60503,Puntarenas,Osa,Sierpe,32.95901150223367,2023
70401,Limón,Talamanca,Bratsi,32.850975495796376,2023
60304,Puntarenas,Buenos Aires,Boruca,32.79367180345465,2023
51002,Guanacaste,La Cruz,Santa Cecilia,32.631602630572985,2023
21404,Alajuela,Los Chiles,San Jorge,32.45612302585982,2023
60305,Puntarenas,Buenos Aires,Pilas,31.986113168472297,2023
70307,Limón,Siquirres,Reventazón,31.62432396793206,2023
21303,Alajuela,Upala,San José O Pizote,30.967391686682134,2023
60303,Puntarenas,Buenos Aires,Potrero Grande,30.96671701451012,2023
21306,Alajuela,Upala,Dos Ríos,30.953939334512313,2023
21502,Alajuela,Guatuso,Buenavista,30.709883059475736,2023
60804,Puntarenas,Coto Brus,Limoncito,30.63480726327669,2023
60308,Puntarenas,Buenos Aires,Biolley,30.14996737884395,2023
60505,Puntarenas,Osa,Piedras Blancas,29.918831088160772,2023
41005,Heredia,Sarapiquí,Cureña,27.661171365087714,2023
70102,Limón,Limón,Valle La Estrella,26.28038586577618,2023
60704,Puntarenas,Golfito,Pavón,24.344710368124748,2023
41004,Heredia,Sarapiquí,Llanuras del Gaspar,23.81186419813632,2023
60306,Puntarenas,Buenos Aires,Colinas,23.63530152378348,2023
60307,Puntarenas,Buenos Aires,Chánguena,21.715485924342527,2023
70404,Limón,Talamanca,Telire,6.909209952509769,2023
30512,Cartago,Turrialba,Chirripó,0,2023
